No SPPG,Nama SPPG,Provinsi SPPG,Kabupaten/Kota SPPG,Kecamatan SPPG,Latitude,Longitude,Alamat SPPG,link
2600,MBG NANGA SEPAUK,Kalimantan Barat,Sintang,Sintang,0.069757,111.199078,"359X+WJ4 MBG NANGA SEPAUK, Nanga Sepauk, Kec. Sepauk, Kabupaten Sintang, Kalimantan Barat 78662",https://www.google.com/maps/place/MBG+NANGA+SEPAUK/data=!4m7!3m6!1s0x31fe05005a79d05d:0x87ae33343a2735f2!8m2!3d0.0697571!4d111.199078!16s%2Fg%2F11yyg7vhxz!19sChIJXdB5WgAF_jER8jUnOjQzroc?authuser=0&hl=id&g_ep=EgoyMDI2MDkxNi4wIJJjKgBIAVAD&rclk=1
4839,MBG PAMEMPEUK,Jawa Barat,Bandung,Baleendah,-7.009599,107.598232,"Jl. Paniisan, Rancamulya, Kec. Baleendah, Kabupaten Bandung, Jawa Barat 40375",https://www.google.com/maps/place/MBG+PAMEMPEUK/data=!4m7!3m6!1s0x2e68e90021126181:0x5fe12ac7cc371de8!8m2!3d-7.0095985!4d107.5982321!16s%2Fg%2F11ydyyx7m7!19sChIJgWESIQDpaC4R6B03zMcq4V8?authuser=0&hl=id&g_ep=EgoyMDI2MDkxNi4wIJJjKgBIAVAD&rclk=1
6184,MBG KALEKE,Sulawesi Tengah,Sigi,Tenga,-1.049919,119.870649,"XV2C+27J MBG KALEKE, Rarampadende, Kec. Dolo Bar., Kabupaten Sigi, Sulawesi Tengah 94362",https://www.google.com/maps/place/Mako+Polres+Sigi/data=!4m7!3m6!1s0x2d8bf60b4d327115:0x16c513b2431bb215!8m2!3d-1.0343545!4d119.8863693!16s%2Fg%2F11cm031_6w!19sChIJFXEyTQv2iy0RFbIbQ7ITxRY?authuser=0&hl=id&g_ep=EgoyMDI2MDkxNi4wIJJjKgBIAVAD&rclk=1
6286,GEPSULTRA POLI-POLIA,Sulawesi Tenggara,Kolaka,Kolaka,-4.19886,121.904112,"GEPSULTRA POLI-POLIA, POLI-POLIA, KOLAKA REGENCY, SOUTH EAST SULAWESI 93573",https://www.google.com/maps/place/GEPSULTRA+Poli-Polia/data=!4m7!3m6!1s0x2d980c29a4c6862d:0x3b2e5223afdbf149!8m2!3d-4.1988599!4d121.904112!16s%2Fg%2F11c7ss02_m!19sChIJLYbGpCkMmC0RSfHbryNSLjs?authuser=0&hl=id&g_ep=EgoyMDI2MDkxNi4wIJJjKgBIAVAD&rclk=1
6296,DINAS KEPENDUDUKAN DAN PENCATATAN SIPIL KAB. KOLAKA UTARA,Sulawesi Tenggara,Kolaka,Kolaka,-3.491118,120.884746,"DINAS KEPENDUDUKAN DAN PENCATATAN SIPIL KAB. KOLAKA UTARA, JL. KOMP. KANTOR P, PONGGIHA, LASUSUA, NORTH KOLAKA REGENCY, SOUTH EAST SULAWESI 93914",https://www.google.com/maps/place/Dinas+Kependudukan+dan+Pencatatan+Sipil+Kab.+Kolaka+Utara/data=!4m7!3m6!1s0x2d96dffcce9aa3d5:0x5f821889c2c3848c!8m2!3d-3.4911176!4d120.8847456!16s%2Fg%2F11bv6pfft8!19sChIJ1aOazvzfli0RjITDwokYgl8?authuser=0&hl=id&g_ep=EgoyMDI2MDkxNi4wIJJjKgBIAVAD&rclk=1
6353,PASAR SP2,Sulawesi Tenggara,Konawe,Konawe,-4.334808,122.084658,"KAPUWILA, LALEMBUU, KABUPATEN KONAWE SELATAN, SULAWESI TENGGARA 93818",https://www.google.com/maps/place/Pasar+sp2/data=!4m7!3m6!1s0x2da29d9961b82653:0xe0192dfc5d2a5558!8m2!3d-4.3348083!4d122.0846581!16s%2Fg%2F11fjpqm4f5!19sChIJUya4YZmdoi0RWFUqXfwtGeA?authuser=0&hl=id&g_ep=EgoyMDI2MDkxNi4wIJJjKgBIAVAD&rclk=1
6363,PUSKESMAS MOTUI,Sulawesi Tenggara,Konawe,Konawe,-3.80267,122.457153,"PUSKESMAS MOTUI, MOTUI, KEC. MOTUI, KABUPATEN KONAWE UTARA, SULAWESI TENGGARA 93352",https://www.google.com/maps/place/PUSKESMAS+MOTUI/data=!4m7!3m6!1s0x2d98fbfeed53a41d:0xc42d4663eb819f93!8m2!3d-3.8026697!4d122.4571534!16s%2Fg%2F11fnd1fg5l!19sChIJHaRT7f77mC0Rk5-B62NGLcQ?authuser=0&hl=id&g_ep=EgoyMDI2MDkxNi4wIJJjKgBIAVAD&rclk=1
6364,PUSKESMAS LANGGIKIMA PESISIR,Sulawesi Tenggara,Konawe,Konawe,-3.356645,122.241211,"PUSKESMAS LANGGIKIMA PESISIR, UPT. MOROMBO/TOBIMEITA, KECAMATAN LANGGIKIMA, KABUPATEN KONAWE UTARA, SULAWESI TENGGARA 93352",https://www.google.com/maps/place/Puskesmas+Langgikima+Pesisir/data=!4m7!3m6!1s0x2d999b00585d718f:0xe1071d397e2bf993!8m2!3d-3.3566455!4d122.2412112!16s%2Fg%2F11y3ncz6r5!19sChIJj3FdWACbmS0Rk_krfjkdB-E?authuser=0&hl=id&g_ep=EgoyMDI2MDkxNi4wIJJjKgBIAVAD&rclk=1
6365,PUSKESMAS LANGGIKIMA,Sulawesi Tenggara,Konawe,Konawe,-3.29326,122.233412,"PUSKESMAS LANGGIKIMA, PARIAMA, KECAMATAN LANGGIKIMA, KABUPATEN KONAWE UTARA, SULAWESI TENGGARA 93353",https://www.google.com/maps/place/Puskesmas+Langgikima/data=!4m7!3m6!1s0x2d9985e9129945ad:0xbc73af8e658de8e4!8m2!3d-3.29326!4d122.2334117!16s%2Fg%2F11hdt2_yy3!19sChIJrUWZEumFmS0R5OiNZY6vc7w?authuser=0&hl=id&g_ep=EgoyMDI2MDkxNi4wIJJjKgBIAVAD&rclk=1
6491,KANTOR CAMAT PASSI TIMUR,Sulawesi Utara,Bolaang Mongondow,Bolaang,0.77374,124.336116,"KANTOR CAMAT PASSI TIMUR, PANGIAN TENGAH, KEC. PASSI TIM., KABUPATEN BOLAANG MONGONDOW, SULAWESI UTARA",https://www.google.com/maps/place/Kantor+Camat+Passi+Timur/data=!4m7!3m6!1s0x327e192369959cd1:0x4290297f9b0dc62f!8m2!3d0.7737401!4d124.3361163!16s%2Fg%2F11k33t_jj1!19sChIJ0ZyVaSMZfjIRL8YNm38pkEI?authuser=0&hl=id&g_ep=EgoyMDI2MDkxNi4wIJJjKgBIAVAD&rclk=1
6498,KANTOR KECAMATAN HELUMO,Sulawesi Utara,Bolaang Mongondow,Bolaang,0.344578,123.870447,"DUMINANGA, KEC. HELUMO, KABUPATEN BOLAANG MONGONDOW SELATAN, SULAWESI UTARA","https://www.google.com/maps/place/Kantor+KECAMATAN+Helumo/@0.3445781,123.8704475,17z/data=!3m1!4b1!4m6!3m5!1s0x327fa7ca54d694d1:0x6ad5d825df194740!8m2!3d0.3445781!4d123.8704475!16s%2Fg%2F11h4_fl7wr?hl=id&entry=ttu&g_ep=EgoyMDI2MDkxNi4wIKXMDSoASAFQAw%3D%3D"
6504,SANGKUP,Sulawesi Utara,Bolaang Mongondow,Bolaang,0.851671,123.659401,"SIDODADI, KEC. SANGKUB, KABUPATEN BOLAANG MONGONDOW UTARA, SULAWESI UTARA",https://www.google.com/maps/place/Sangkup/data=!4m7!3m6!1s0x327e8fabad04a945:0x3d0506a5d8f9d6cb!8m2!3d0.851671!4d123.659401!16s%2Fg%2F1v298jz8!19sChIJRakErauPfjIRy9b52KUGBT0?authuser=0&hl=id&g_ep=EgoyMDI2MDkxNi4wIJJjKgBIAVAD&rclk=1
6505,SEKRETARIAT PPK KEC. SANGKUB,Sulawesi Utara,Bolaang Mongondow,Bolaang,0.857338,123.651144,"SEKRETARIAT PPK KEC. SANGKUB, SIDODADI, KEC. SANGKUB, KABUPATEN BOLAANG MONGONDOW UTARA, SULAWESI UTARA",https://www.google.com/maps/place/Sekretariat+PPK+Kec.+Sangkub/data=!4m7!3m6!1s0x327e8f18ebcee4df:0x47d4a2feeeb71dbb!8m2!3d0.8573381!4d123.6511438!16s%2Fg%2F11g0zdpcfv!19sChIJ3-TO6xiPfjIRux237v6i1Ec?authuser=0&hl=id&g_ep=EgoyMDI2MDkxNi4wIJJjKgBIAVAD&rclk=1
6506,KEC. SANGKUB,Sulawesi Utara,Bolaang Mongondow,Bolaang,0.879951,123.647889,"KABUPATEN BOLAANG MONGONDOW UTARA, SULAWESI UTARA",https://www.google.com/maps/place/Kec.+Sangkub/data=!4m7!3m6!1s0x327e8fc0b7166d13:0xded44acee8c90687!8m2!3d0.8799509!4d123.6478886!16s%2Fg%2F121q8zt2!19sChIJE20Wt8CPfjIRhwbJ6M5K1N4?authuser=0&hl=id&g_ep=EgoyMDI2MDkxNi4wIJJjKgBIAVAD&rclk=1
6508,MANGANITU SEL.,Sulawesi Utara,Kepulauan Sangihe,Manganitu,3.401643,125.620484,"KABUPATEN KEPULAUAN SANGIHE, SULAWESI UTARA",https://www.google.com/maps/place/Manganitu+Sel./data=!4m7!3m6!1s0x328b96f71bc40497:0x74c38fb5de9eba1e!8m2!3d3.4016429!4d125.620484!16s%2Fg%2F122cc1nz!19sChIJlwTEG_eWizIRHrqe3rWPw3Q?authuser=0&hl=id&g_ep=EgoyMDI2MDkxNi4wIJJjKgBIAVAD&rclk=1
6519,PULAU MARORE,Sulawesi Utara,Kepulauan Sangihe,Kepulauan Marore,4.733333,125.483333,"MARORE, KEPULAUAN MARORE, KABUPATEN KEPULAUAN SANGIHE, SULAWESI UTARA","https://www.google.com/maps/place/Pulau+Marore/@4.7333332,125.4833333,15z/data=!3m1!4b1!4m6!3m5!1s0x32f45eadd4783e3f:0xf9423e670477642d!8m2!3d4.7333333!4d125.4833333!16s%2Fg%2F120t3_y7?hl=id&entry=ttu&g_ep=EgoyMDI2MDkxNi4wIKXMDSoASAFQAw%3D%3D"
6525,KANTOR BUPATI KABUPATEN KEPULAUAN SIAU TAGULANDANG BIARO (SITARO),Sulawesi Utara,Kepulauan Siau Tagulandang Biaro,Tagulandang,2.744372,125.362331,"KANTOR BUPATI KABUPATEN KEPULAUAN SIAU TAGULANDANG BIARO (SITARO), KELURAHAN ONDONG, SIAU BAR., KABUPATEN SIAU TAGULANDANG BIARO, SULAWESI UTARA","https://www.google.com/maps/place/Kantor+Bupati+Kabupaten+Kepulauan+Siau+Tagulandang+Biaro+(SITARO)/@2.744372,125.3623308,17z/data=!3m1!4b1!4m6!3m5!1s0x32890db958349aff:0xb67abb97882dd3f2!8m2!3d2.744372!4d125.3623308!16s%2Fg%2F11btvgb5rz?hl=id&entry=ttu&g_ep=EgoyMDI2MDkxNi4wIKXMDSoASAFQAw%3D%3D"
6531,KANTOR CAMAT DAMAU,Nusa Tenggara Timur,Ngada,Soa,3.742431,126.838688,"KANTOR CAMAT DAMAU, BOWONE, DAMAU, KEPULAUAN TALAUD REGENCY, NORTH SULAWESI","https://www.google.com/maps/place/Kantor+Camat+Damau/@3.7424314,126.8386884,17z/data=!3m1!4b1!4m6!3m5!1s0x328d17c5441f580f:0x7e3de8a309f8f1eb!8m2!3d3.7424314!4d126.8386884!16s%2Fg%2F11k93f1xyz?hl=id&entry=ttu&g_ep=EgoyMDI2MDkxNi4wIKXMDSoASAFQAw%3D%3D"
6534,KEC. ESSANG,Sulawesi Utara,Kepulauan Talaud,Essang,4.456527,126.730993,"KABUPATEN KEPULAUAN TALAUD, SULAWESI UTARA",https://www.google.com/maps/place/Kec.+Essang/data=!4m7!3m6!1s0x32f2fb1d165e0a8b:0x7405c1afd2f8476e!8m2!3d4.4565269!4d126.730993!16s%2Fg%2F121bk7y0!19sChIJiwpeFh378jIRbkf40q_BBXQ?authuser=0&hl=id&g_ep=EgoyMDI2MDkxNi4wIJJjKgBIAVAD&rclk=1
6535,LIRUNG,Sulawesi Utara,Kepulauan Talaud,Lirung,3.957207,126.679542,"KABUPATEN KEPULAUAN TALAUD, SULAWESI UTARA","https://www.google.com/maps/place/Lirung,+Kabupaten+Kepulauan+Talaud,+Sulawesi+Utara/@3.9591404,126.677757,14z/data=!3m1!4b1!4m6!3m5!1s0x328d28dee38b8cd1:0x210eac5f2d6150d0!8m2!3d3.9572072!4d126.6795425!16s%2Fg%2F121dcv_f?hl=id&entry=ttu&g_ep=EgoyMDI2MDkxNi4wIKXMDSoASAFQAw%3D%3D"
6536,PEMDA TALAUD,Sulawesi Selatan,Maros,Lau,4.045185,126.713406,,https://www.google.com/maps/place/pemda+talaud/data=!4m7!3m6!1s0x98a40d3203900c1:0x144c2f9c774518cc!8m2!3d4.0451855!4d126.713406!16s%2Fg%2F11tr_97gtn!19sChIJwQA5INNAigkRzBhFd5wvTBQ?authuser=0&hl=id&g_ep=EgoyMDI2MDkxNi4wIJJjKgBIAVAD&rclk=1
6537,POLRES KEPULAUAN TALAUD,Sulawesi Utara,Kepulauan Talaud,Melonguane,4.005187,126.686203,"POLRES KEPULAUAN TALAUD, LAUT, KEC. MELONGUANE, KABUPATEN KEPULAUAN TALAUD",https://www.google.com/maps/place/Polres+Kepulauan+Talaud/data=!4m7!3m6!1s0x328d2bf1c9f3856f:0x24cc66de09260200!8m2!3d4.0051875!4d126.6862031!16s%2Fg%2F11dx8g1_f1!19sChIJb4XzyfErjTIRAAImCd5mzCQ?authuser=0&hl=id&g_ep=EgoyMDI2MDkxNi4wIJJjKgBIAVAD&rclk=1
6540,BADAN PUSAT STATISTIK (BPS) KAB. KEP. TALAUD,Sulawesi Selatan,Maros,Lau,4.007425,126.686464,"BADAN PUSAT STATISTIK (BPS) KAB. KEP. TALAUD, KOMPLEKS PEMDA TALAUD JL. BUI BATU, MELONGUANE, KEPULAUAN TALAUD REGENCY, NORTH SULAWESI 95885",https://www.google.com/maps/place/Badan+Pusat+Statistik+%28BPS%29+Kab.+Kep.+Talaud/data=!4m7!3m6!1s0x328d2bc72c6b809f:0xb1903fbd11ca17f0!8m2!3d4.0074246!4d126.6864643!16s%2Fg%2F11j0b439ym!19sChIJn4BrLMcrjTIR8BfKEb0_kLE?authuser=0&hl=id&g_ep=EgoyMDI2MDkxNi4wIJJjKgBIAVAD&rclk=1
6542,KANTOR BUPATI KEPULAUAN TALAUD,Sulawesi Utara,Kepulauan Talaud,Melonguane,4.005019,126.684079,"KANTOR BUPATI KEPULAUAN TALAUD, KEC. MELONGUANE, KABUPATEN KEPULAUAN TALAUD, SULAWESI UTARA",https://www.google.com/maps/place/Kantor+Bupati+Kepulauan+Talaud/data=!4m7!3m6!1s0x328d2beb2cef35df:0xd2e5733461d44756!8m2!3d4.0050193!4d126.6840788!16s%2Fg%2F11h5x6y3hm!19sChIJ3zXvLOsrjTIRVkfUYTRz5dI?authuser=0&hl=id&g_ep=EgoyMDI2MDkxNi4wIJJjKgBIAVAD&rclk=1
6543,RUMAH SAKIT UMUM DAERAH TALAUD,Sulawesi Utara,Kepulauan Talaud,Melonguane,4.005732,126.708005,"RUMAH SAKIT UMUM DAERAH TALAUD, LAUT, KEC. MELONGUANE, MALUKU",https://www.google.com/maps/place/Rumah+Sakit+Umum+Daerah+Talaud/data=!4m7!3m6!1s0x328d2c118b01e665:0x56cea92e53ff29dd!8m2!3d4.0057323!4d126.7080051!16s%2Fg%2F11g7_fl8cm!19sChIJZeYBixEsjTIR3Sn_Uy6pzlY?authuser=0&hl=id&g_ep=EgoyMDI2MDkxNi4wIJJjKgBIAVAD&rclk=1
6544,KEC. KABARUAN,Sulawesi Utara,Kepulauan Talaud,Kabaruan,3.838552,126.785229,"KABUPATEN KEPULAUAN TALAUD, SULAWESI UTARA",https://www.google.com/maps/place/Kec.+Kabaruan/data=!4m7!3m6!1s0x328d22d40ddcd9e1:0x8c347d9cb11e4ad5!8m2!3d3.8385519!4d126.7852295!16s%2Fg%2F1234z4l5!19sChIJ4dncDdQijTIR1UoesZx9NIw?authuser=0&hl=id&g_ep=EgoyMDI2MDkxNi4wIJJjKgBIAVAD&rclk=1
6545,KEC. TAMPA NA'MMA,Sulawesi Utara,Kepulauan Talaud,Tampan' Amma,4.364381,126.8528,"KABUPATEN KEPULAUAN TALAUD, SULAWESI UTARA",https://www.google.com/maps/place/Kec.+Tampa+Na%27mma/data=!4m7!3m6!1s0x32f2e91710616e4f:0xaa0bfff86571a14c!8m2!3d4.3643806!4d126.8527997!16s%2Fg%2F1hm56zg7d!19sChIJT25hEBfp8jIRTKFxZfj_C6o?authuser=0&hl=id&g_ep=EgoyMDI2MDkxNi4wIJJjKgBIAVAD&rclk=1
6546,"SENTRA KELAUTAN DAN PERIKANAN TERPADU SALIBABU, KEPULAUAN TALAUD",Sulawesi Utara,Kepulauan Talaud,Salibabu,3.861047,126.689061,"SENTRA KELAUTAN DAN PERIKANAN TERPADU SALIBABU, KEPULAUAN TALAUD, DALUM, SALIBABU, KABUPATEN KEPULAUAN TALAUD, SULAWESI UTARA","https://www.google.com/maps/place/Sentra+Kelautan+Dan+Perikanan+Terpadu+Salibabu,+Kepulauan+Talaud/data=!4m7!3m6!1s0x328d27e15f077189:0x2c365c8890d91d40!8m2!3d3.8610466!4d126.6890614!16s%2Fg%2F11f90nhkq0!19sChIJiXEHX-EnjTIRQB3ZkIhcNiw?authuser=0&hl=id&g_ep=EgoyMDI2MDkxNi4wIJJjKgBIAVAD&rclk=1"
6548,MIANGAS,Sulawesi Utara,Kepulauan Talaud,Miangas,5.556079,126.585095,"KABUPATEN KEPULAUAN TALAUD, SULAWESI UTARA",https://www.google.com/maps/place/Miangas/data=!4m7!3m6!1s0x32f1086c71519ba7:0x4e383a7313a1722c!8m2!3d5.5560786!4d126.5850946!16s%2Fg%2F1hc0hsx8z!19sChIJp5tRcWwI8TIRLHKhE3M6OE4?authuser=0&hl=id&g_ep=EgoyMDI2MDkxNi4wIJJjKgBIAVAD&rclk=1
6550,KEC. ESSANG SEL.,Sulawesi Utara,Kepulauan Talaud,Essang,4.424851,126.709572,"KABUPATEN KEPULAUAN TALAUD, SULAWESI UTARA","https://www.google.com/maps/place/Kec.+Essang+Sel.,+Kabupaten+Kepulauan+Talaud,+Sulawesi+Utara/@4.390223,126.7255985,13z/data=!3m1!4b1!4m6!3m5!1s0x32f2e69b743bbb2b:0x109f9417f7325f46!8m2!3d4.4248507!4d126.7095716!16s%2Fg%2F1hc0gs37r?hl=id&entry=ttu&g_ep=EgoyMDI2MDkxNi4wIKXMDSoASAFQAw%3D%3D"
6551,"KGPM SIDANG ""YERUSALEM"" MORONGE SELATAN 2",Sulawesi Utara,Kepulauan Talaud,Moronge,3.900567,126.718324,"KGPM SIDANG ""YERUSALEM"" MORONGE SELATAN 2, MORONGE SEL. I, KEC. MORONGE, KABUPATEN KEPULAUAN TALAUD, SULAWESI UTARA",https://www.google.com/maps/place/KGPM+Sidang+%22Yerusalem%22+Moronge+Selatan+2/data=!4m7!3m6!1s0x328d25fac1ee26ff:0xabf42c8288fd6b0e!8m2!3d3.9005667!4d126.7183239!16s%2Fg%2F11kqzp6klt!19sChIJ_ybuwfoljTIRDmv9iIIs9Ks?authuser=0&hl=id&g_ep=EgoyMDI2MDkxNi4wIJJjKgBIAVAD&rclk=1
6552,KGPM SIDANG YERUSALEM MORONGE SELATAN 2,Sulawesi Utara,Kepulauan Talaud,Moronge,3.890563,126.711138,"KGPM SIDANG YERUSALEM MORONGE SELATAN 2, MORONGE SEL. II, KEC. MORONGE, KABUPATEN KEPULAUAN TALAUD, SULAWESI UTARA",https://www.google.com/maps/place/KGPM+Sidang+Yerusalem+Moronge+Selatan+2/data=!4m7!3m6!1s0x328d25e778cb140f:0xff859b84240548a3!8m2!3d3.8905631!4d126.7111383!16s%2Fg%2F11v5j2qzpz!19sChIJDxTLeOcljTIRo0gFJISbhf8?authuser=0&hl=id&g_ep=EgoyMDI2MDkxNi4wIJJjKgBIAVAD&rclk=1
6571,SPPBE PT. MULIA BAKTI,Papua Tengah,Puncak Jaya,Mulia,0.7143,124.276665,"SPPBE PT. MULIA BAKTI, KOPANDAKAN I, KOTAMOBAGU SELATAN, KOTAMOBAGU CITY, NORTH SULAWESI",https://www.google.com/maps/place/SPPBE+PT.+Mulia+Bakti/data=!4m7!3m6!1s0x327e3c5268e497ff:0x5f660ffe3055d09a!8m2!3d0.7143004!4d124.2766652!16s%2Fg%2F11c51vsvr8!19sChIJ_5fkaFI8fjIRmtBVMP4PZl8?authuser=0&hl=id&g_ep=EgoyMDI2MDkxNi4wIJJjKgBIAVAD&rclk=1
6621,𝘚𝘗𝘗𝘎 𝘒𝘖𝘓𝘖𝘕𝘎𝘈𝘕,Sulawesi Utara,Kota Tomohon,Tomohon Tengah,1.324312,124.833983,"𝘚𝘗𝘗𝘎 𝘒𝘖𝘓𝘖𝘕𝘎𝘈𝘕, KOLONGAN, KEC. TOMOHON TENGAH, KOTA TOMOHON, SULAWESI UTARA",https://www.google.com/maps/place/%F0%9D%98%9A%F0%9D%98%97%F0%9D%98%97%F0%9D%98%8E+%F0%9D%98%92%F0%9D%98%96%F0%9D%98%93%F0%9D%98%96%F0%9D%98%95%F0%9D%98%8E%F0%9D%98%88%F0%9D%98%95/data=!4m7!3m6!1s0x32876d0007ed0c61:0xd3f86b6080716bca!8m2!3d1.3243121!4d124.833983!16s%2Fg%2F11z0xsqnqk!19sChIJYQztBwBthzIRymtxgGBr-NM?authuser=0&hl=id&g_ep=EgoyMDI2MDkxNi4wIJJjKgBIAVAD&rclk=1
6647,KEC. ERIS,Sulawesi Utara,Minahasa,Eris,1.256235,124.933723,"KABUPATEN MINAHASA, SULAWESI UTARA",https://www.google.com/maps/place/Kec.+Eris/data=!4m7!3m6!1s0x32873e7c22602329:0x456604ded9583c5e!8m2!3d1.2562355!4d124.933723!16s%2Fg%2F121bwb79!19sChIJKSNgInw-hzIRXjxY2d4EZkU?authuser=0&hl=id&g_ep=EgoyMDI2MDkxNi4wIJJjKgBIAVAD&rclk=1
6676,KEC. TATAPAAN,Sulawesi Utara,Minahasa Selatan,Tatapaan,1.286444,124.601644,"KABUPATEN MINAHASA SELATAN, SULAWESI UTARA",https://www.google.com/maps/place/Kec.+Tatapaan/data=!4m7!3m6!1s0x328763da350f828d:0x2764afda0dd2b42d!8m2!3d1.2864443!4d124.6016444!16s%2Fg%2F121c52v_!19sChIJjYIPNdpjhzIRLbTSDdqvZCc?authuser=0&hl=id&g_ep=EgoyMDI2MDkxNi4wIJJjKgBIAVAD&rclk=1
6678,PASLATEN SATU,Sulawesi Utara,Minahasa Selatan,Tatapaan,1.295978,124.591597,"KEC. TATAPAAN, KABUPATEN MINAHASA SELATAN, SULAWESI UTARA",https://www.google.com/maps/place/Paslaten+Satu/data=!4m7!3m6!1s0x3287615272d7be0d:0x6c30a703c0b4e8db!8m2!3d1.2959777!4d124.5915966!16s%2Fg%2F121gpq47!19sChIJDb7XclJhhzIR2-i0wAOnMGw?authuser=0&hl=id&g_ep=EgoyMDI2MDkxNi4wIJJjKgBIAVAD&rclk=1
6680,KEC. BELANG,Sulawesi Utara,Minahasa Tenggara,Belang,0.960169,124.813846,"KABUPATEN MINAHASA TENGGARA, SULAWESI UTARA",https://www.google.com/maps/place/Kec.+Belang/data=!4m7!3m6!1s0x3280b471dbd7ff77:0x6afb19e794b7def4!8m2!3d0.9601694!4d124.8138458!16s%2Fg%2F11b_2wzk34!19sChIJd__X23G0gDIR9N63lOcZ-2o?authuser=0&hl=id&g_ep=EgoyMDI2MDkxNi4wIJJjKgBIAVAD&rclk=1
6681,GPPS IMANUEL - BELANG,Sulawesi Utara,Minahasa Tenggara,Belang,0.949394,124.792336,"GPPS IMANUEL - BELANG, BUKU TENGGARA, KEC. BELANG, KABUPATEN MINAHASA TENGGARA, SULAWESI UTARA 95997",https://www.google.com/maps/place/GPPS+Imanuel+-+Belang/data=!4m7!3m6!1s0x3280b46b13be8921:0xe4c9d56159a83888!8m2!3d0.9493942!4d124.7923363!16s%2Fg%2F11f15m2bkf!19sChIJIYm-E2u0gDIRiDioWWHVyeQ?authuser=0&hl=id&g_ep=EgoyMDI2MDkxNi4wIJJjKgBIAVAD&rclk=1
6732,KANTOR CAMAT AMPEK ANGKEK,Sumatera Barat,Agam,Ampek Angkek,-0.289202,100.429078,"JL. PAYAKUMBUAH NO.KM.5, BIARO GADANG, KEC. AMPEK ANGKEK, KABUPATEN AGAM, SUMATERA BARAT 26152",https://www.google.com/maps/place/Kantor+Camat+Ampek+Angkek/data=!4m7!3m6!1s0x2fd567e0dbc24cdd:0xd23ff9aa0d425c0c!8m2!3d-0.2892016!4d100.4290781!16s%2Fg%2F11bc7ntq27!19sChIJ3UzC2-Bn1S8RDFxCDar5P9I?authuser=0&hl=id&g_ep=EgoyMDI2MDkxNi4wIJJjKgBIAVAD&rclk=1
6743,PUSKESMAS MALALAK,Sumatera Barat,Agam,Malalak,-0.389314,100.270345,"PUSKESMAS MALALAK, JL. SICINCIN - MALALAK, MALALAK UTARA, KEC. MALALAK, KABUPATEN AGAM, SUMATERA BARAT 26161",https://www.google.com/maps/place/Puskesmas+Malalak/data=!4m7!3m6!1s0x2fd53d8d7102b13f:0x1683037b75a76ccd!8m2!3d-0.389314!4d100.2703452!16s%2Fg%2F11g86_xg1z!19sChIJP7ECcY091S8RzWyndXsDgxY?authuser=0&hl=id&g_ep=EgoyMDI2MDkxNi4wIJJjKgBIAVAD&rclk=1
6760,KEC. ASAM JUJUHAN,Sumatera Barat,Dharmasraya,Asam Jujuhan,-1.431152,101.674165,"KABUPATEN DHARMASRAYA, SUMATERA BARAT",https://www.google.com/maps/place/Kec.+Asam+Jujuhan/data=!4m7!3m6!1s0x2e2c4263f7558051:0x758511f0b19632bb!8m2!3d-1.4311518!4d101.6741646!16s%2Fg%2F1211j7wd!19sChIJUYBV92NCLC4RuzKWsfARhXU?authuser=0&hl=id&g_ep=EgoyMDI2MDkxNi4wIJJjKgBIAVAD&rclk=1
6761,PAPM UPK ASAM JUJUHAN,Sumatera Barat,Dharmasraya,Asam Jujuhan,-1.461105,101.649912,"PAPM UPK ASAM JUJUHAN, JL. JORONG JL. RAYA TIMBULUN, SUNGAI LIMAU, KEC. ASAM JUJUHAN, KABUPATEN DHARMASRAYA, SUMATERA BARAT 27684",https://www.google.com/maps/place/PAPM+UPK+ASAM+JUJUHAN/data=!4m7!3m6!1s0x2e2c6b83a7bb7d63:0xcfbef76d636dee19!8m2!3d-1.4611049!4d101.6499125!16s%2Fg%2F11s9j9pb18!19sChIJY327p4NrLC4RGe5tY233vs8?authuser=0&hl=id&g_ep=EgoyMDI2MDkxNi4wIJJjKgBIAVAD&rclk=1
6763,SIPORA UTARA,Sumatera Barat,Kepulauan Mentawai,Sipora Utara,-2.124833,99.578475,"KABUPATEN KEPULAUAN MENTAWAI, SUMATERA BARAT",https://www.google.com/maps/place/Sipora+Utara/data=!4m7!3m6!1s0x2fd26a134109c7c9:0x484927502c0b1ee8!8m2!3d-2.1248335!4d99.5784754!16s%2Fg%2F1225d_02!19sChIJyccJQRNq0i8R6B4LLFAnSUg?authuser=0&hl=id&g_ep=EgoyMDI2MDkxNi4wIJJjKgBIAVAD&rclk=1
6764,KEC. SIKAKAP,Sumatera Barat,Kepulauan Mentawai,Sikakap,-2.777,100.21467,"KABUPATEN KEPULAUAN MENTAWAI, SUMATERA BARAT",https://www.google.com/maps/place/Kec.+Sikakap/data=!4m7!3m6!1s0x2fcd137436222ba7:0xbcb9ebd7f7fb4ee4!8m2!3d-2.777!4d100.2146702!16s%2Fm%2F0dsbn_r!19sChIJpysiNnQTzS8R5E7799frubw?authuser=0&hl=id&g_ep=EgoyMDI2MDkxNi4wIJJjKgBIAVAD&rclk=1
6765,KEC. SEBERUT BAR. DAYA,Sumatera Barat,Kepulauan Mentawai,Siberut Barat Daya,-1.780693,99.140123,"KABUPATEN KEPULAUAN MENTAWAI, SUMATERA BARAT",https://www.google.com/maps/place/Kec.+Seberut+Bar.+Daya/data=!4m7!3m6!1s0x2fd17ba7d1dfeccf:0xfeaee216579508a1!8m2!3d-1.7806933!4d99.1401231!16s%2Fg%2F121p646x!19sChIJz-zf0ad70S8RoQiVVxbirv4?authuser=0&hl=id&g_ep=EgoyMDI2MDkxNi4wIJJjKgBIAVAD&rclk=1
6766,SMA NEGERI 1 SIBERUT TENGAH,Sumatera Barat,Kepulauan Mentawai,Siberut Tengah,-1.328436,99.076462,"SMA NEGERI 1 SIBERUT TENGAH, SAIBI SAMUKOP, KEC. SIBERUT TENGAH, KABUPATEN KEPULAUAN MENTAWAI, SUMATERA BARAT 25393","https://www.google.com/maps/place/SMA+Negeri+1+Siberut+Tengah/@-1.3284361,99.0764625,17z/data=!3m1!4b1!4m6!3m5!1s0x2fd150eb05e3f943:0x2f72d450bdb9e044!8m2!3d-1.3284361!4d99.0764625!16s%2Fg%2F11hcdvby69?hl=id&entry=ttu&g_ep=EgoyMDI2MDkxNi4wIKXMDSoASAFQAw%3D%3D"
6767,PULAU PAGAI-UTARA,Sumatera Barat,Kepulauan Mentawai,Pagai Utara,-2.695584,100.125516,"KABUPATEN KEPULAUAN MENTAWAI, SUMATERA BARAT","https://www.google.com/maps/place/Pulau+Pagai-utara/@-2.6768205,100.0914201,11z/data=!3m1!4b1!4m6!3m5!1s0x2fcd6d8d50affacd:0xcb99ae0457c04097!8m2!3d-2.6955836!4d100.1255164!16s%2Fm%2F02qt4nc?hl=id&entry=ttu&g_ep=EgoyMDI2MDkxNi4wIKXMDSoASAFQAw%3D%3D"
6768,KEC. SIBERUT UTARA,Sumatera Barat,Kepulauan Mentawai,Siberut Utara,-1.114337,98.99447,"KABUPATEN KEPULAUAN MENTAWAI, SUMATERA BARAT",https://www.google.com/maps/place/Kec.+Siberut+Utara/data=!4m7!3m6!1s0x2fd6b4be372b3209:0x4ef1c2a12d9e7eda!8m2!3d-1.1143373!4d98.9944704!16s%2Fg%2F121__0k3!19sChIJCTIrN7601i8R2n6eLaHC8U4?authuser=0&hl=id&g_ep=EgoyMDI2MDkxNi4wIJJjKgBIAVAD&rclk=1
6769,SIBERUT BAR.,Sumatera Barat,Kepulauan Mentawai,Siberut Barat,-1.236202,98.704075,"KABUPATEN KEPULAUAN MENTAWAI, SUMATERA BARAT",https://www.google.com/maps/place/Siberut+Bar./data=!4m7!3m6!1s0x2fd134f0f885d911:0xc59ac22993dc2a27!8m2!3d-1.2362017!4d98.704075!16s%2Fg%2F121jnmh5!19sChIJEdmF-PA00S8RJyrckynCmsU?authuser=0&hl=id&g_ep=EgoyMDI2MDkxNi4wIJJjKgBIAVAD&rclk=1
6770,KEC. SIPORA SEL.,Sumatera Barat,Kepulauan Mentawai,Sipora Selatan,-2.191369,99.732843,"KABUPATEN KEPULAUAN MENTAWAI, SUMATERA BARAT",https://www.google.com/maps/place/Kec.+Sipora+Sel./data=!4m7!3m6!1s0x2fd2656709be020d:0xaa2bf639fa6a251b!8m2!3d-2.191369!4d99.7328428!16s%2Fg%2F12314fjm!19sChIJDQK-CWdl0i8RGyVq-jn2K6o?authuser=0&hl=id&g_ep=EgoyMDI2MDkxNi4wIJJjKgBIAVAD&rclk=1
6771,SMAN 1 SIBERUT SELATAN,Bali,Karangasem,Selat,-1.574208,99.193596,"SMAN 1 SIBERUT SELATAN, MAILEPPET, SIBERUT SELATAN, MENTAWAI ISLANDS REGENCY, WEST SUMATRA 25393","https://www.google.com/maps/place/SMAN+1+SIBERUT+SELATAN/@-1.5742079,99.1935958,17z/data=!3m1!4b1!4m6!3m5!1s0x2fd3df5449bfa2cf:0x28ac073050be0725!8m2!3d-1.5742079!4d99.1935958!16s%2Fg%2F11c2nqrtg5?hl=id&entry=ttu&g_ep=EgoyMDI2MDkxNi4wIKXMDSoASAFQAw%3D%3D"
6772,PULAU PAGAI-SELATAN,Sumatera Barat,Kepulauan Mentawai,Pagai Selatan,-3.008391,100.30489,"KABUPATEN KEPULAUAN MENTAWAI, SUMATERA BARAT","https://www.google.com/maps/place/Pulau+Pagai-selatan/@-3.0657195,100.3260275,10z/data=!3m1!4b1!4m6!3m5!1s0x2fccdf6a9315de61:0xdccba311a1c5374d!8m2!3d-3.0083912!4d100.3048897!16s%2Fm%2F02vp515?hl=id&entry=ttu&g_ep=EgoyMDI2MDkxNi4wIKXMDSoASAFQAw%3D%3D"
6773,LPP RRI BUKITTINGGI.,Sumatera Barat,Kota Bukittinggi,Aur Birugo Tigo Baleh,-0.31813,100.384897,"JL. M. YAMIN NO.199, AUR KUNING, KEC. AUR BIRUGO TIGO BALEH, KOTA BUKITTINGGI, SUMATERA BARAT 26131",https://www.google.com/maps/place/LPP+RRI+Bukittinggi./data=!4m7!3m6!1s0x2fd538f18a35de21:0xa7a4cd73a0b52cca!8m2!3d-0.3181304!4d100.3848966!16s%2Fg%2F11b8vf2yxf!19sChIJId41ivE41S8Ryiy1oHPNpKc?authuser=0&hl=id&g_ep=EgoyMDI2MDkxNi4wIJJjKgBIAVAD&rclk=1
6806,LPG TELUK KABUNG,Sumatera Barat,Padang,Bungus Teluk Kabung,-1.072463,100.414161,"LPG TELUK KABUNG, TLK. KABUNG TENGAH, KEC. BUNGUS TLK. KABUNG, KOTA PADANG, SUMATERA BARAT 25237",https://www.google.com/maps/place/LPG+Teluk+Kabung/data=!4m7!3m6!1s0x2fd4a50da08b140b:0x1bb4b8437cf4d4c7!8m2!3d-1.0724627!4d100.4141613!16s%2Fg%2F11f272wl3j!19sChIJCxSLoA2l1C8Rx9T0fEO4tBs?authuser=0&hl=id&g_ep=EgoyMDI2MDkxNi4wIJJjKgBIAVAD&rclk=1
6852,KANTOR KECAMATAN SILUNGKANG,Sumatera Barat,Kota Sawahlunto,Silungkang,-0.70209,100.788117,"KANTOR KECAMATAN SILUNGKANG, MUARO KALABAN, KEC. SILUNGKANG, KOTA SAWAHLUNTO, SUMATERA BARAT 27422",https://www.google.com/maps/place/Kantor+Kecamatan+Silungkang/data=!4m7!3m6!1s0x2e2b2f0030d8d0c7:0x78c8dbae1c7b629d!8m2!3d-0.7020905!4d100.7881166!16s%2Fg%2F11ywh6g7cl!19sChIJx9DYMAAvKy4RnWJ7HK7byHg?authuser=0&hl=id&g_ep=EgoyMDI2MDkxNi4wIJJjKgBIAVAD&rclk=1
6853,KANTOR CAMAT SILUNGKANG,Sumatera Barat,Kota Sawahlunto,Silungkang,-0.722381,100.762233,"KANTOR CAMAT SILUNGKANG, JALAN, SILUNGKANG TIGO, KEC. SILUNGKANG, KOTA SAWAHLUNTO, SUMATERA BARAT 27421",https://www.google.com/maps/place/Kantor+Camat+Silungkang/data=!4m7!3m6!1s0x2e2b2fdb35936b43:0xeac56c9951910f49!8m2!3d-0.7223809!4d100.7622329!16s%2Fg%2F11py0bmxhn!19sChIJQ2uTNdsvKy4RSQ-RUZlsxeo?authuser=0&hl=id&g_ep=EgoyMDI2MDkxNi4wIJJjKgBIAVAD&rclk=1
6876,KEC. GUNUANG OMEH,Sumatera Barat,Lima Puluh Kota,Gunung Omeh,-0.050704,100.357716,"KABUPATEN LIMA PULUH KOTA, SUMATERA BARAT",https://www.google.com/maps/place/Kec.+Gunuang+Omeh/data=!4m7!3m6!1s0x2fd55ed636dc0fb5:0x9d7460651eb36793!8m2!3d-0.0507039!4d100.3577161!16s%2Fg%2F11x7vcbg6!19sChIJtQ_cNtZe1S8Rk2ezHmVgdJ0?authuser=0&hl=id&g_ep=EgoyMDI2MDkxNi4wIJJjKgBIAVAD&rclk=1
6883,SDN 02 2X11 KAYUTANAM,Sumatera Barat,Padang Pariaman,2 X 11 Kayu Tanam,-0.55006,100.329797,"SDN 02 2X11 KAYUTANAM, KAYU TANAM, KEC. 2 X 11 KAYU TANAM, KABUPATEN PADANG PARIAMAN, SUMATERA BARAT 25584",https://www.google.com/maps/place/SDN+02+2X11+KAYUTANAM/data=!4m7!3m6!1s0x2fd52121814cbc41:0x8a3ffd32e0f5d404!8m2!3d-0.5500603!4d100.3297968!16s%2Fg%2F11c5g8fbwn!19sChIJQbxMgSEh1S8RBNT14DL9P4o?authuser=0&hl=id&g_ep=EgoyMDI2MDkxNi4wIJJjKgBIAVAD&rclk=1
6889,KEC. BATANG GASAN,Sumatera Barat,Padang Pariaman,Batang Gasan,-0.44943,99.984973,"KABUPATEN PADANG PARIAMAN, SUMATERA BARAT",https://www.google.com/maps/place/Kec.+Batang+Gasan/data=!4m7!3m6!1s0x2fd50f604c474a7f:0xe83fbaeda3f045e7!8m2!3d-0.4494304!4d99.9849728!16s%2Fg%2F120sdj0k!19sChIJf0pHTGAP1S8R50Xwo-26P-g?authuser=0&hl=id&g_ep=EgoyMDI2MDkxNi4wIJJjKgBIAVAD&rclk=1
6891,KAMPUNG PILIANG,Sumatera Barat,Padang Pariaman,Batang Gasan,-0.431683,99.980381,"KAMPUNG PILIANG, GASAN GADANG, KEC. BATANG GASAN, KABUPATEN PADANG PARIAMAN, SUMATERA BARAT 26473",https://www.google.com/maps/place/Kampung+piliang/data=!4m7!3m6!1s0x2fd509c215b93ed7:0xb89c986de2fb7378!8m2!3d-0.431683!4d99.9803814!16s%2Fg%2F11pzwgzqy8!19sChIJ1z65FcIJ1S8ReHP74m2YnLg?authuser=0&hl=id&g_ep=EgoyMDI2MDkxNi4wIJJjKgBIAVAD&rclk=1
6903,AUR MALINTANG,Sumatera Barat,Padang Pariaman,Iv Koto Aur Malintang,-0.36712,100.081783,"AUR MALINTANG, III KOTO AUR MALINTANG, KEC. IV KOTO AUR MALINTANG, KABUPATEN PADANG PARIAMAN, SUMATERA BARAT 25563","https://www.google.com/maps/place/Aur+malintang/@-0.3671196,100.0817833,17z/data=!3m1!4b1!4m6!3m5!1s0x2fd5134a4c8fa899:0xbac0278fa7c7c6f2!8m2!3d-0.3671196!4d100.0817833!16s%2Fg%2F11k4nq63rz?hl=id&entry=ttu&g_ep=EgoyMDI2MDkxNi4wIKXMDSoASAFQAw%3D%3D"
6929,BPS KABUPATEN PASAMAN,Sumatera Barat,Pasaman,Lubuk Sikaping,0.137748,100.167042,"JL. ABDUL LATIF NO.5, PAUAH, KEC. LUBUK SIKAPING, KABUPATEN PASAMAN, SUMATERA BARAT 26318",https://www.google.com/maps/place/BPS+Kabupaten+Pasaman/data=!4m7!3m6!1s0x302a9bfe80d518d9:0xac2039b959cfbf59!8m2!3d0.1377484!4d100.1670422!16s%2Fg%2F11fqzn58cl!19sChIJ2RjVgP6bKjARWb_PWbk5IKw?authuser=0&hl=id&g_ep=EgoyMDI2MDkxNi4wIJJjKgBIAVAD&rclk=1
6931,LOKASI MBG SUNGAI BEREMAS,Sumatera Barat,Pasaman Barat,Sungai Beremas,0.201311,99.382692,"LOKASI MBG SUNGAI BEREMAS, AIA BANGIH, KEC. SUNGAI BEREMAS, KABUPATEN PASAMAN BARAT, SUMATERA BARAT 26573",https://www.google.com/maps/place/lokasi+MBG+SUNGAI+BEREMAS/data=!4m7!3m6!1s0x302a11003ddce831:0xc4ccfa77f44495c9!8m2!3d0.201311!4d99.382692!16s%2Fg%2F11mzzw_ccq!19sChIJMejcPQARKjARyZVE9Hf6zMQ?authuser=0&hl=id&g_ep=EgoyMDI2MDkxNi4wIJJjKgBIAVAD&rclk=1
6940,SP LEMBAH MELINTANG,Sulawesi Selatan,Kota Pare Pare,Ujung,0.277736,99.548457,"JL. FLORES NO.124, UJUNG GADING, LEMBAH MALINTANG, WEST PASAMAN REGENCY, WEST SUMATRA 26572","https://www.google.com/maps/place/SP+Lembah+Melintang/@0.2777362,99.5484565,17z/data=!3m1!4b1!4m6!3m5!1s0x302a6ab594ffcbe7:0xb500377697dc6dcd!8m2!3d0.2777362!4d99.5484565!16s%2Fg%2F11c6f4y7rz?hl=id&entry=ttu&g_ep=EgoyMDI2MDkxNi4wIKXMDSoASAFQAw%3D%3D"
6941,LOKASI PEMBANGUNAN PKS,Sumatera Barat,Pasaman Barat,Pasaman,0.292907,99.455594,"LOKASI PEMBANGUNAN PKS, PARIT, KEC. KOTO BALINGKA, KABUPATEN PASAMAN BARAT, SUMATERA BARAT 26572","https://www.google.com/maps/place/Lokasi+pembangunan+PKS/@0.2929065,99.4555937,17z/data=!3m1!4b1!4m6!3m5!1s0x302a170063f13c6d:0xc44816eafea7e864!8m2!3d0.2929065!4d99.4555937!16s%2Fg%2F11vzdtk5cr?hl=id&entry=ttu&g_ep=EgoyMDI2MDkxNi4wIKXMDSoASAFQAw%3D%3D"
6943,KP MESJID,Sumatera Barat,Pasaman Barat,Pasaman,0.405808,99.387709,"KP MESJID, JL. RAYA KP. BARU, BATAHAN, KEC. RANAH BATAHAN, KABUPATEN PASAMAN BARAT, SUMATERA BARAT 26366",https://www.google.com/maps/place/Kp+mesjid/data=!4m7!3m6!1s0x302a3b007fe4b687:0x76c4bf096ed903be!8m2!3d0.4058085!4d99.3877091!16s%2Fg%2F11z478_wrl!19sChIJh7bkfwA7KjARvgPZbgm_xHY?authuser=0&hl=id&g_ep=EgoyMDI2MDkxNi4wIJJjKgBIAVAD&rclk=1
6944,SILAPING,Sumatera Barat,Pasaman Barat,Pasaman,0.389206,99.467812,"SILAPING, JL. LINTAS BARAT, BATAHAN, KEC. RANAH BATAHAN, KABUPATEN PASAMAN BARAT, SUMATERA BARAT 26366",https://www.google.com/maps/place/Silaping/data=!4m7!3m6!1s0x302a39aae437fe03:0x998aec48d89617c9!8m2!3d0.389206!4d99.4678123!16s%2Fg%2F11qvd5tbg8!19sChIJA_435Ko5KjARyReW2Ejsipk?authuser=0&hl=id&g_ep=EgoyMDI2MDkxNi4wIJJjKgBIAVAD&rclk=1
6945,JORONG RANTAU PANJANG,Sumatera Barat,Pasaman Barat,Pasaman,0.028225,99.694178,"JORONG RANTAU PANJANG, SASAK, KEC. SASAK RANAH PESISIR, KABUPATEN PASAMAN BARAT, SUMATERA BARAT 26366",https://www.google.com/maps/place/jorong+rantau+panjang/data=!4m7!3m6!1s0x302a7738b03404fd:0x79cba0371bb019e!8m2!3d0.0282255!4d99.6941778!16s%2Fg%2F11mvnd82tr!19sChIJ_QQ0sDh3KjARngG7cQO6nAc?authuser=0&hl=id&g_ep=EgoyMDI2MDkxNi4wIJJjKgBIAVAD&rclk=1
6946,MALIGI,Sumatera Barat,Pasaman Barat,Pasaman,0.067568,99.624211,"MALIGI, SASAK, SASAK RANAH PESISIR, WEST PASAMAN REGENCY, WEST SUMATRA 26573",https://www.google.com/maps/place/Maligi/data=!4m7!3m6!1s0x302a75dd7086d479:0x5f262c6c3ac64149!8m2!3d0.0675682!4d99.6242109!16s%2Fg%2F11h2qnbhlm!19sChIJedSGcN11KjARSUHGOmwsJl8?authuser=0&hl=id&g_ep=EgoyMDI2MDkxNi4wIJJjKgBIAVAD&rclk=1
6947,PANTAI MALIGI,Sumatera Barat,Pasaman Barat,Pasaman,0.060607,99.626083,"PANTAI MALIGI, SASAK, KEC. SASAK RANAH PESISIR, KABUPATEN PASAMAN BARAT, SUMATERA BARAT 26573",https://www.google.com/maps/place/Pantai+Maligi/data=!4m7!3m6!1s0x302a7404b855fef3:0xed5d09167a517dae!8m2!3d0.0606071!4d99.6260834!16s%2Fg%2F11c524l7v0!19sChIJ8_5VuAR0KjARrn1RehYJXe0?authuser=0&hl=id&g_ep=EgoyMDI2MDkxNi4wIJJjKgBIAVAD&rclk=1
6961,POLSEK LENGAYANG,Sumatera Barat,Pesisir Selatan,Lengayang,-1.687854,100.70664,"JALAN RAYA PADANG - AIR HAJI, NAGARI KAMBANG BARAT, KECAMATAN LENGAYANG, KABUPATEN PESISIR SELATAN, SUMATERA BARAT, 25663, KAMBANG BAR., KEC. LENGAYANG, KABUPATEN PESISIR SELATAN, SUMATERA BARAT 25663",https://www.google.com/maps/place/Polsek+Lengayang/data=!4m7!3m6!1s0x2e2cd3d4564cae15:0x4599768ee3d6de1f!8m2!3d-1.687854!4d100.7066401!16s%2Fg%2F11b7fq2m37!19sChIJFa5MVtTTLC4RH97W4452mUU?authuser=0&hl=id&g_ep=EgoyMDI2MDkxNi4wIJJjKgBIAVAD&rclk=1
7002,POLSEK KOTO PARIK GADANG DIATEH,Sumatera Barat,Solok Selatan,Koto Parik Gadang Diateh,-1.433269,101.012627,"PAKAN RABAA, KEC. KOTO PARIK GADANG DIATEH, KABUPATEN SOLOK SELATAN, SUMATERA BARAT 27776",https://www.google.com/maps/place/Polsek+Koto+Parik+Gadang+Diateh/data=!4m7!3m6!1s0x2e2c95c64de909d7:0xbd8283f5b891635b!8m2!3d-1.433269!4d101.0126267!16s%2Fg%2F11bz_3w6hm!19sChIJ1wnpTcaVLC4RW2ORuPWDgr0?authuser=0&hl=id&g_ep=EgoyMDI2MDkxNi4wIJJjKgBIAVAD&rclk=1
7040,PUSKESMAS MAKARTI JAYA,Sumatera Selatan,Banyuasin,Makarti Jaya,-2.484667,104.972554,"PUSKESMAS MAKARTI JAYA, KEL, KEC. MAKARTI JAYA, KAB. BANYUASIN, SUMATERA SELATAN 30972",https://www.google.com/maps/place/PUSKESMAS+MAKARTI+JAYA/data=!4m7!3m6!1s0x2e3b56e4dfeb795f:0x90e84b1ebe40daef!8m2!3d-2.4846671!4d104.9725541!16s%2Fg%2F11cs5wjbxp!19sChIJX3nr3-RWOy4R79pAvh5L6JA?authuser=0&hl=id&g_ep=EgoyMDI2MDkxNi4wIJJjKgBIAVAD&rclk=1
7066,SPP SEMBAWA,Sumatera Selatan,Banyuasin,Sembawa,-2.926164,104.547392,"UNNAMED ROAD, LALANG SEMBAWA, KEC. SEMBAWA, KAB. BANYUASIN, SUMATERA SELATAN 30953",https://www.google.com/maps/place/SPP+SEMBAWA/data=!4m7!3m6!1s0x2e3b094ebfa9af2d:0x23525bbde1a40f44!8m2!3d-2.9261636!4d104.5473919!16s%2Fg%2F11f3vrw1_q!19sChIJLa-pv04JOy4RRA-k4b1bUiM?authuser=0&hl=id&g_ep=EgoyMDI2MDkxNi4wIJJjKgBIAVAD&rclk=1
7136,SPX EXPRESS LUBUK LINGGAU UTARA II HUB,Kepulauan Riau,Lingga,Lingga,-3.28539,102.863709,"JL JENDRAL JL. JENDERAL AHMAD YANI NO.RT 03, PASAR SATELIT, LUBUK LINGGAU UTARA II, LUBUKLINGGAU CITY, SOUTH SUMATRA 31613",https://www.google.com/maps/place/SPX+Express+Lubuk+Linggau+Utara+Ii+Hub/data=!4m7!3m6!1s0x2e30e16d0aca755d:0xb497e88c9151add4!8m2!3d-3.2853903!4d102.8637089!16s%2Fg%2F11x964jyyg!19sChIJXXXKCm3hMC4R1K1RkYzol7Q?authuser=0&hl=id&g_ep=EgoyMDI2MDkxNi4wIJJjKgBIAVAD&rclk=1
7274,SD MUHAMMADIYAH BATU RANCING,Sumatera Selatan,Lahat,Lahat,-4.120632,103.025379,"SD MUHAMMADIYAH BATU RANCING, BATU RANCING, KEC. TJ. SAKTI PUMU, KABUPATEN LAHAT, SUMATERA SELATAN 38571",https://www.google.com/maps/place/SD+Muhammadiyah+Batu+Rancing/data=!4m7!3m6!1s0x2e371157e021aa87:0xa7204b3922c95755!8m2!3d-4.1206316!4d103.0253786!16s%2Fg%2F11rp1vg88l!19sChIJh6oh4FcRNy4RVVfJIjlLIKc?authuser=0&hl=id&g_ep=EgoyMDI2MDkxNi4wIJJjKgBIAVAD&rclk=1
7275,DUSUN 2,Sumatera Selatan,Ogan Komering Ulu Selatan,Simpang,-4.132583,103.039556,"DUSUN 2, SIMPANG III PUMU, KEC. TJ. SAKTI PUMU, KABUPATEN LAHAT, SUMATERA SELATAN 31581",https://www.google.com/maps/place/dusun+2/data=!4m7!3m6!1s0x2e370f006ff02d65:0xe674b9701b80c976!8m2!3d-4.1325833!4d103.0395556!16s%2Fg%2F11wxhcx9mg!19sChIJZS3wbwAPNy4RdsmAG3C5dOY?authuser=0&hl=id&g_ep=EgoyMDI2MDkxNi4wIJJjKgBIAVAD&rclk=1
7297,KEC. PSEKSU,Sumatera Selatan,Lahat,Lahat,-3.775664,103.391837,"KABUPATEN LAHAT, SUMATERA SELATAN",https://www.google.com/maps/place/Kec.+Pseksu/data=!4m7!3m6!1s0x2e3745731fbbf6e5:0xc96cb52a110f5490!8m2!3d-3.7756644!4d103.3918367!16s%2Fg%2F122jr5ck!19sChIJ5fa7H3NFNy4RkFQPESq1bMk?authuser=0&hl=id&g_ep=EgoyMDI2MDkxNi4wIJJjKgBIAVAD&rclk=1
7299,AGROWISATA TANJUNG SAKTI,Sumatera Selatan,Lahat,Lahat,-4.138278,103.072811,"AGROWISATA TANJUNG SAKTI, JL. RAYA MANNA - PAGAR ALAM, SINDANG PANJANG, KEC. TJ. SAKTI PUMI, KABUPATEN LAHAT, SUMATERA SELATAN 38571",https://www.google.com/maps/place/Agrowisata+Tanjung+Sakti/data=!4m7!3m6!1s0x2e370f3861f6fb75:0xb558beb945d65747!8m2!3d-4.138278!4d103.0728113!16s%2Fg%2F11llfc0wyl!19sChIJdfv2YTgPNy4RR1fWRbm-WLU?authuser=0&hl=id&g_ep=EgoyMDI2MDkxNi4wIJJjKgBIAVAD&rclk=1
7300,SPX LAHAT DC HUB,Sumatera Selatan,Lahat,Lahat,-3.790354,103.539195,"SPX LAHAT DC HUB, PS. BARU, KEC. LAHAT, KABUPATEN LAHAT, SUMATERA SELATAN 31419",https://www.google.com/maps/place/Spx+lahat+DC+hub/data=!4m7!3m6!1s0x2e3757004c84db2f:0x8a10c2a54c3703da!8m2!3d-3.7903538!4d103.5391951!16s%2Fg%2F11z672c429!19sChIJL9uETABXNy4R2gM3TKXCEIo?authuser=0&hl=id&g_ep=EgoyMDI2MDkxNi4wIJJjKgBIAVAD&rclk=1
7316,KANTOR CAMAT EMPAT PETULAI DANGKU,Sumatera Selatan,Muara Enim,Empat Petulai Dangku,-3.381237,104.077734,"KANTOR CAMAT EMPAT PETULAI DANGKU, DANGKU, KEC. EMPAT PETULAI, KABUPATEN MUARA ENIM, SUMATERA SELATAN 31172",https://www.google.com/maps/place/Kantor+Camat+Empat+Petulai+Dangku/data=!4m7!3m6!1s0x2e3a3914f3688303:0x691e37bc252e20bd!8m2!3d-3.3812375!4d104.0777344!16s%2Fg%2F11mqm23q6m!19sChIJA4No8xQ5Oi4RvSAuJbw3Hmk?authuser=0&hl=id&g_ep=EgoyMDI2MDkxNi4wIJJjKgBIAVAD&rclk=1
7320,SPG PAKUGAJAH PERTAMINA EP,Sumatera Selatan,Muara Enim,Lubai,-3.812202,104.165108,"SPG PAKUGAJAH PERTAMINA EP, PAGAR DEWA, KEC. LUBAI, KABUPATEN MUARA ENIM, SUMATERA SELATAN 31173",https://www.google.com/maps/place/SPG+Pakugajah+Pertamina+EP/data=!4m7!3m6!1s0x2e399b140c750277:0x755f9b7cb2d3dff!8m2!3d-3.8122016!4d104.1651076!16s%2Fg%2F11cs5mfscn!19sChIJdwJ1DBSbOS4R_z0ty7f5VQc?authuser=0&hl=id&g_ep=EgoyMDI2MDkxNi4wIJJjKgBIAVAD&rclk=1
7349,POLSEK SANGA DESA,Sumatera Selatan,Musi Banyuasin,Sanga Desa,-2.757407,103.400652,"POLSEK SANGA DESA, NGULAK III, KEC. SANGA DESA, KABUPATEN MUSI BANYUASIN, SUMATERA SELATAN 30759",https://www.google.com/maps/place/Polsek+Sanga+desa/data=!4m7!3m6!1s0x2e30732cee14d309:0x46e0e12961fd7a63!8m2!3d-2.7574073!4d103.4006523!16s%2Fg%2F11kptj9szg!19sChIJCdMU7ixzMC4RY3r9YSnh4EY?authuser=0&hl=id&g_ep=EgoyMDI2MDkxNi4wIJJjKgBIAVAD&rclk=1
7365,KEC. JAYA LOKA,Sumatera Selatan,Musi Rawas,Jayaloka,-3.375068,103.195906,"KABUPATEN MUSI RAWAS, SUMATERA SELATAN",https://www.google.com/maps/place/Kec.+Jaya+Loka/data=!4m7!3m6!1s0x2e30bfc6cf964507:0xccec0e10316f1fed!8m2!3d-3.3750681!4d103.1959056!16s%2Fg%2F1232j0pg!19sChIJB0WWz8a_MC4R7R9vMRAO7Mw?authuser=0&hl=id&g_ep=EgoyMDI2MDkxNi4wIJJjKgBIAVAD&rclk=1
7375,KANTOR DESA SUKA MENANG,Sumatera Selatan,Musi Rawas Utara,Karang Jaya,-2.909702,102.709916,"KANTOR DESA SUKA MENANG, SUKAMENANG, KEC. KARANG JAYA, KAB. MUSI RAWAS UTARA, SUMATERA SELATAN 31654",https://www.google.com/maps/place/kantor+Desa+Suka+Menang/data=!4m7!3m6!1s0x2e31af003c094089:0xc4b84a4a53d62a63!8m2!3d-2.909702!4d102.7099158!16s%2Fg%2F11ybmvwd06!19sChIJiUAJPACvMS4RYyrWU0pKuMQ?authuser=0&hl=id&g_ep=EgoyMDI2MDkxNi4wIJJjKgBIAVAD&rclk=1
7377,DESA RANTAU JAYA,Sumatera Selatan,Musi Rawas Utara,Karang Jaya,-2.985885,102.787071,"DESA RANTAU JAYA, RANTAU JAYA, KEC. KARANG JAYA, KABUPATEN MUSI RAWAS, SUMATERA SELATAN 30771",https://www.google.com/maps/place/Desa+Rantau+Jaya/data=!4m7!3m6!1s0x2e31aadebea10687:0xfa6fb3d1ac0c3de0!8m2!3d-2.9858851!4d102.7870714!16s%2Fg%2F11gbxg4_gt!19sChIJhwahvt6qMS4R4D0MrNGzb_o?authuser=0&hl=id&g_ep=EgoyMDI2MDkxNi4wIJJjKgBIAVAD&rclk=1
7378,KELURAHAN KARANG JAYA,Sumatera Selatan,Musi Rawas Utara,Karang Jaya,-2.864877,102.784513,"KELURAHAN KARANG JAYA, KARANG JAYA, KEC. KARANG JAYA, KABUPATEN MUSI RAWAS, SUMATERA SELATAN 31654",https://www.google.com/maps/place/Kelurahan+karang+jaya/data=!4m7!3m6!1s0x2e31ad1ecef1ba4f:0x8f6182a20b2fe600!8m2!3d-2.8648766!4d102.7845132!16s%2Fg%2F11rkltn2mf!19sChIJT7rxzh6tMS4RAOYvC6KCYY8?authuser=0&hl=id&g_ep=EgoyMDI2MDkxNi4wIJJjKgBIAVAD&rclk=1
7380,LAPANGAN SEPAK BOLA KEL. KARANG JAYA,Sumatera Selatan,Musi Rawas Utara,Karang Jaya,-2.863523,102.785263,"LAPANGAN SEPAK BOLA KARANG JAYA, KARANG JAYA, KEC. KARANG JAYA, KAB. MUSI RAWAS UTARA, SUMATERA SELATAN",https://www.google.com/maps/place/Lapangan+Sepak+Bola+Kel.+Karang+Jaya/data=!4m7!3m6!1s0x2e31b30023285681:0xde6f004b923af6a7!8m2!3d-2.8635234!4d102.7852629!16s%2Fg%2F11zfht7cy8!19sChIJgVYoIwCzMS4Rp_Y6kksAb94?authuser=0&hl=id&g_ep=EgoyMDI2MDkxNi4wIJJjKgBIAVAD&rclk=1
7432,KANTOR SPGDT,Sumatera Selatan,Ogan Komering Ilir,Kayu Agung,-3.378127,104.826497,"KANTOR SPGDT, UNNAMED ROAD, CELIKAH, KEC. KAYU AGUNG, KABUPATEN OGAN KOMERING ILIR, SUMATERA SELATAN 30867",https://www.google.com/maps/place/Kantor+SPGDT/data=!4m7!3m6!1s0x2e3bed0835f1e9d5:0x7b1bca9daba5df91!8m2!3d-3.3781267!4d104.8264967!16s%2Fg%2F11ffk635xh!19sChIJ1enxNQjtOy4Rkd-lq53KG3s?authuser=0&hl=id&g_ep=EgoyMDI2MDkxNi4wIJJjKgBIAVAD&rclk=1
7490,PENGANDONAN,Sumatera Selatan,Ogan Komering Ulu,Muara Jaya,-4.066667,103.866667,"SURAU, KEC. MUARA JAYA, KABUPATEN OGAN KOMERING ULU, SUMATERA SELATAN",https://www.google.com/maps/place/Pengandonan/data=!4m7!3m6!1s0x2e39c783d6639ed3:0x4039d80b220d6d0!8m2!3d-4.066667!4d103.866667!16s%2Fg%2F12hhgysp6!19sChIJ055j1oPHOS4R0NYgsoCdAwQ?authuser=0&hl=id&g_ep=EgoyMDI2MDkxNi4wIJJjKgBIAVAD&rclk=1
7493,KEC. PENGANDONAN,Sumatera Selatan,Ogan Komering Ulu,Pengandonan,-4.054578,103.876017,"KABUPATEN OGAN KOMERING ULU, SUMATERA SELATAN",https://www.google.com/maps/place/Kec.+Pengandonan/data=!4m7!3m6!1s0x2e39c7e1ff89f5fd:0xb739b3ce0bb5619!8m2!3d-4.0545781!4d103.8760173!16s%2Fg%2F11cr_rvf9l!19sChIJ_fWJ_-HHOS4RGVa74Dybcws?authuser=0&hl=id&g_ep=EgoyMDI2MDkxNi4wIJJjKgBIAVAD&rclk=1
7506,KEC. BUAY PEMACA,Sumatera Selatan,Ogan Komering Ulu Selatan,Buay Pemaca,-4.608706,104.141219,"KABUPATEN OGAN KOMERING ULU SELATAN, SUMATERA SELATAN",https://www.google.com/maps/place/Kec.+Buay+Pemaca/data=!4m7!3m6!1s0x2e3863a84990f15f:0x4039d80b220ff50!8m2!3d-4.608706!4d104.1412195!16s%2Fg%2F120t3_w7!19sChIJX_GQSahjOC4RUP8gsoCdAwQ?authuser=0&hl=id&g_ep=EgoyMDI2MDkxNi4wIJJjKgBIAVAD&rclk=1
7508,KANTOR CAMAT BUAY PEMACA,Sumatera Selatan,Ogan Komering Ulu Selatan,Buay Pemaca,-4.610242,104.14748,"KANTOR CAMAT BUAY PEMACA, KOTA WAY, KEC. BUAY PEMACA, KABUPATEN OGAN KOMERING ULU SELATAN, SUMATERA SELATAN 32265",https://www.google.com/maps/place/Kantor+Camat+Buay+Pemaca/data=!4m7!3m6!1s0x2e386709f707749f:0xd075ede721a9a0cc!8m2!3d-4.6102419!4d104.1474798!16s%2Fg%2F11c3_64z9z!19sChIJn3QH9wlnOC4RzKCpIeftddA?authuser=0&hl=id&g_ep=EgoyMDI2MDkxNi4wIJJjKgBIAVAD&rclk=1
7510,KEC. MEKAKAU ILIR,Sumatera Selatan,Ogan Komering Ulu Selatan,Mekakau Ilir,-4.723976,103.80003,"KABUPATEN OGAN KOMERING ULU SELATAN, SUMATERA SELATAN",https://www.google.com/maps/place/Kec.+Mekakau+Ilir/data=!4m7!3m6!1s0x2e38173bb78c56b7:0x6c8d677aec2dfc46!8m2!3d-4.7239761!4d103.8000304!16s%2Fg%2F122k63ws!19sChIJt1aMtzsXOC4RRvwt7HpnjWw?authuser=0&hl=id&g_ep=EgoyMDI2MDkxNi4wIJJjKgBIAVAD&rclk=1
7511,SEKRETARIAT PPK MEKAKAU ILIR,Sumatera Selatan,Ogan Komering Ulu Selatan,Mekakau Ilir,-4.73096,103.801805,"SEKRETARIAT PPK MEKAKAU ILIR, TJ. BESAR, KEC. MEKAKAU ILIR, KABUPATEN OGAN KOMERING ULU SELATAN, SUMATERA SELATAN 32276",https://www.google.com/maps/place/SEKRETARIAT+PPK+MEKAKAU+ILIR/data=!4m7!3m6!1s0x2e3811006b92e0c1:0xca2a1cf42741e0ea!8m2!3d-4.7309602!4d103.8018047!16s%2Fg%2F11y58x6z6f!19sChIJweCSawAROC4R6uBBJ_QcKso?authuser=0&hl=id&g_ep=EgoyMDI2MDkxNi4wIJJjKgBIAVAD&rclk=1
7512,GPDI SUKARAJA MEKAKAU ILIR,Sumatera Selatan,Ogan Komering Ulu Selatan,Mekakau Ilir,-4.614141,103.72274,"GPDI SUKARAJA MEKAKAU ILIR, SUKARAJA, KEC. MEKAKAU ILIR, KABUPATEN OGAN KOMERING ULU SELATAN, SUMATERA SELATAN 32276",https://www.google.com/maps/place/GPdI+Sukaraja+Mekakau+Ilir/data=!4m7!3m6!1s0x2e38190077091b41:0xc3d8d8cf3d51f80f!8m2!3d-4.6141412!4d103.7227399!16s%2Fg%2F11lz8tctkv!19sChIJQRsJdwAZOC4RD_hRPc_Y2MM?authuser=0&hl=id&g_ep=EgoyMDI2MDkxNi4wIJJjKgBIAVAD&rclk=1
7513,KEC. BUANA PEMACA,Sumatera Selatan,Ogan Komering Ulu Selatan,Buana Pemaca,-4.503912,104.182419,"KABUPATEN OGAN KOMERING ULU SELATAN, SUMATERA SELATAN",https://www.google.com/maps/place/Kec.+Buana+Pemaca/data=!4m7!3m6!1s0x2e385ef51202f6fd:0xfbec32bd3acd9bbb!8m2!3d-4.5039117!4d104.1824193!16s%2Fg%2F121n9ryp!19sChIJ_fYCEvVeOC4Ru5vNOr0y7Ps?authuser=0&hl=id&g_ep=EgoyMDI2MDkxNi4wIJJjKgBIAVAD&rclk=1
7514,PUSKESMAS BUANA PEMACA,Sumatera Selatan,Ogan Komering Ulu Selatan,Buana Pemaca,-4.509951,104.180899,"PUSKESMAS BUANA PEMACA, JAGARAGA, KEC. BUANA PEMACA, KABUPATEN OGAN KOMERING ULU SELATAN, SUMATERA SELATAN 32264",https://www.google.com/maps/place/PUSKESMAS+BUANA+PEMACA/data=!4m7!3m6!1s0x2e385c0f5b0cacd3:0x825451989012d267!8m2!3d-4.5099507!4d104.1808991!16s%2Fg%2F11f03xwkwr!19sChIJ06wMWw9cOC4RZ9ISkJhRVII?authuser=0&hl=id&g_ep=EgoyMDI2MDkxNi4wIJJjKgBIAVAD&rclk=1
7516,BENDUNGAN TIGA DIHAJI,Sumatera Selatan,Ogan Komering Ulu Selatan,Tiga Dihaji,-4.629186,103.875511,"SUKABUMI, KEC. TIGA DIHAJI, KABUPATEN OGAN KOMERING ULU SELATAN, SUMATERA SELATAN 32276",https://www.google.com/maps/place/Bendungan+Tiga+Dihaji/data=!4m7!3m6!1s0x2e3815e88d13e4c3:0xe7f721036b2e6d2d!8m2!3d-4.6291863!4d103.8755108!16s%2Fg%2F11sgj3p_6q!19sChIJw-QTjegVOC4RLW0uawMh9-c?authuser=0&hl=id&g_ep=EgoyMDI2MDkxNi4wIJJjKgBIAVAD&rclk=1
7517,KANTOR CAMAT WARKUK RANAU SELATAN,Bali,Karangasem,Selat,-4.859355,104.020843,"KANTOR CAMAT WARKUK RANAU SELATAN, PILLA, WARKUK RANAU SELATAN, SOUTH OGAN KOMERING ULU REGENCY, SOUTH SUMATRA 32274",https://www.google.com/maps/place/Kantor+Camat+Warkuk+Ranau+Selatan/data=!4m7!3m6!1s0x2e38768fd8d81a75:0xa72209cdad4da982!8m2!3d-4.8593555!4d104.0208433!16s%2Fg%2F11c75smsmc!19sChIJdRrY2I92OC4RgqlNrc0JIqc?authuser=0&hl=id&g_ep=EgoyMDI2MDkxNi4wIJJjKgBIAVAD&rclk=1
7521,KEC. BUAY PEMUKA PELIUNG,Sumatera Selatan,Ogan Komering Ulu Timur,Buay Pemuka Peliung,-4.262306,104.385238,"KABUPATEN OGAN KOMERING ULU TIMUR, SUMATERA SELATAN",https://www.google.com/maps/place/Kec.+Buay+Pemuka+Peliung/data=!4m7!3m6!1s0x2e3901fe6ae66753:0x4039d80b2210020!8m2!3d-4.2623059!4d104.3852378!16s%2Fg%2F1tf9kp9n!19sChIJU2fmav4BOS4RIAAhsoCdAwQ?authuser=0&hl=id&g_ep=EgoyMDI2MDkxNi4wIJJjKgBIAVAD&rclk=1
7522,KEC. BUAY MADANG,Sumatera Selatan,Ogan Komering Ulu Timur,Buay Madang,-4.24687,104.511096,"KABUPATEN OGAN KOMERING ULU TIMUR, SUMATERA SELATAN",https://www.google.com/maps/place/Kec.+Buay+Madang/data=!4m7!3m6!1s0x2e391d68af31a569:0x124aa818940a25fd!8m2!3d-4.2468697!4d104.5110963!16s%2Fg%2F122xfb6v!19sChIJaaUxr2gdOS4R_SUKlBioShI?authuser=0&hl=id&g_ep=EgoyMDI2MDkxNi4wIJJjKgBIAVAD&rclk=1
7550,JAYAPURA,Sumatera Selatan,Ogan Komering Ulu Timur,Jayapura,-4.406353,104.315193,"KEC. JAYA PURA, KABUPATEN OGAN KOMERING ULU TIMUR, SUMATERA SELATAN",https://www.google.com/maps/place/Jayapura/data=!4m7!3m6!1s0x2e38f83d7440d2cf:0x9a5bf434e617aa6f!8m2!3d-4.4063529!4d104.3151926!16s%2Fg%2F12hhht8y9!19sChIJz9JAdD34OC4Rb6oX5jT0W5o?authuser=0&hl=id&g_ep=EgoyMDI2MDkxNi4wIJJjKgBIAVAD&rclk=1
7551,KEC. MADANG SUKU III,Sumatera Selatan,Ogan Komering Ulu Timur,Madang Suku III,-4.074265,104.35201,"KABUPATEN OGAN KOMERING ULU TIMUR, SUMATERA SELATAN",https://www.google.com/maps/place/Kec.+Madang+Suku+III/data=!4m7!3m6!1s0x2e390f5f690d1449:0x2681b0046c960584!8m2!3d-4.0742652!4d104.3520098!16s%2Fg%2F12340w62!19sChIJSRQNaV8POS4RhAWWbASwgSY?authuser=0&hl=id&g_ep=EgoyMDI2MDkxNi4wIJJjKgBIAVAD&rclk=1
7552,KEC. MADANG SUKU II,Sumatera Selatan,Ogan Komering Ulu Timur,Madang Suku II,-4.05242,104.512629,"KABUPATEN OGAN KOMERING ULU TIMUR, SUMATERA SELATAN",https://www.google.com/maps/place/Kec.+Madang+Suku+II/data=!4m7!3m6!1s0x2e391052f8c0dfad:0xfaa61841b737400d!8m2!3d-4.0524201!4d104.5126293!16s%2Fg%2F1218rl6l!19sChIJrd_A-FIQOS4RDUA3t0EYpvo?authuser=0&hl=id&g_ep=EgoyMDI2MDkxNi4wIJJjKgBIAVAD&rclk=1
7636,LAUT TADOR,Sumatera Utara,Batu Bara,Sei Suka,3.280648,99.250844,"KEC. SEI SUKA, KABUPATEN BATU BARA, SUMATERA UTARA",https://www.google.com/maps/place/Laut+Tador/data=!4m7!3m6!1s0x3033d9380ccf27a1:0xe67633889f0ab0f7!8m2!3d3.2806483!4d99.2508437!16s%2Fg%2F12156q8c!19sChIJoSfPDDjZMzAR97AKn4gzduY?authuser=0&hl=id&g_ep=EgoyMDI2MDkxNi4wIJJjKgBIAVAD&rclk=1
7657,KABUPATEN BATU BARA,Sumatera Utara,Batu Bara,Lima Puluh,3.174098,99.500614,SUMATERA UTARA,https://www.google.com/maps/place/Kabupaten+Batu+Bara/data=!4m7!3m6!1s0x3033c63e46c3b9d9:0xe7fcf58566158616!8m2!3d3.1740979!4d99.5006143!16s%2Fm%2F0523rc5!19sChIJ2bnDRj7GMzARFoYVZoX1_Oc?authuser=0&hl=id&g_ep=EgoyMDI2MDkxNi4wIJJjKgBIAVAD&rclk=1
7689,TUGU MAKAM RAJA SILAHISABUNGAN,Sumatera Utara,Dairi,Silahisabungan,2.812621,98.528421,"TUGU MAKAM RAJA SILAHISABUNGAN, JALAN TUGU MAKAM RAJA DESA, SILALAHI III, KEC. SILAHSABUNGAN, KABUPATEN DAIRI, SUMATERA UTARA 22284",https://www.google.com/maps/place/Tugu+Makam+Raja+Silahisabungan/data=!4m7!3m6!1s0x3031b489df4939c1:0x1b51dbcc5b7d70b8!8m2!3d2.8126211!4d98.5284213!16s%2Fg%2F11b7c1n0bs!19sChIJwTlJ34m0MTARuHB9W8zbURs?authuser=0&hl=id&g_ep=EgoyMDI2MDkxNi4wIJJjKgBIAVAD&rclk=1
7690,AEK SIPAULAK HOSA LOJA,Sumatera Utara,Humbang Hasundutan,Pollung,2.800801,98.501397,"22281 SILALAHI 1, PAROPO, KEC. SILAHSABUNGAN, KABUPATEN DAIRI, SUMATERA UTARA 22281",https://www.google.com/maps/place/Aek+Sipaulak+Hosa+Loja/data=!4m7!3m6!1s0x3031b4c3f1a55e05:0xd46584150587a072!8m2!3d2.8008015!4d98.5013974!16s%2Fg%2F11fz_8mty_!19sChIJBV6l8cO0MTARcqCHBRWEZdQ?authuser=0&hl=id&g_ep=EgoyMDI2MDkxNi4wIJJjKgBIAVAD&rclk=1
7738,UPT SPF SD NEGERI 107432 BANGUN PURBA TENGAH,Sumatera Utara,Deli Serdang,Bangun Purba,3.352045,98.813026,"UPT SPF SD NEGERI 107432 BANGUN PURBA TENGAH, DESA, BANGUN PURBA TENGAH, KEC. BANGUN PURBA, KABUPATEN DELI SERDANG, SUMATERA UTARA 20581",https://www.google.com/maps/place/UPT+SPF+SD+Negeri+107432+Bangun+Purba+Tengah/data=!4m7!3m6!1s0x3031151f15e9fdc3:0xfac59437f72d92d7!8m2!3d3.3520449!4d98.8130262!16s%2Fg%2F11f6130lz7!19sChIJw_3pFR8VMTAR15It9zeUxfo?authuser=0&hl=id&g_ep=EgoyMDI2MDkxNi4wIJJjKgBIAVAD&rclk=1
7800,SPAG LUBUK PAKAM,Sumatera Utara,Deli Serdang,Lubuk Pakam,3.552655,98.865209,"SPAG LUBUK PAKAM, POLITEKNIK KESEHATAN MEDAN, PETAPAHAN, KEC. LUBUK PAKAM, KABUPATEN DELI SERDANG, SUMATERA UTARA 20515",https://www.google.com/maps/place/SPAG+Lubuk+Pakam/data=!4m7!3m6!1s0x303149b3a3b6cfdf:0xeba98a8866c5ac13!8m2!3d3.5526551!4d98.8652087!16s%2Fg%2F11frq18999!19sChIJ38-2o7NJMTARE6zFZoiKqes?authuser=0&hl=id&g_ep=EgoyMDI2MDkxNi4wIJJjKgBIAVAD&rclk=1
7879,KEC. BAKTI RAJA,Sumatera Utara,Humbang Hasundutan,Baktiraja,2.32354,98.820739,"KABUPATEN HUMBANG HASUNDUTAN, SUMATERA UTARA",https://www.google.com/maps/place/Kec.+Bakti+Raja/data=!4m7!3m6!1s0x302e2212bcd8fd97:0x475a50a12c00c787!8m2!3d2.3235404!4d98.8207391!16s%2Fg%2F1hb_fvbyf!19sChIJl_3YvBIiLjARh8cALKFQWkc?authuser=0&hl=id&g_ep=EgoyMDI2MDkxNi4wIJJjKgBIAVAD&rclk=1
7880,GAPURA PARHUTAAN BORSAK JUNGJUNGAN SILABAN,Sumatera Utara,Humbang Hasundutan,Baktiraja,2.36033,98.816849,"GAPURA PARHUTAAN BORSAK JUNGJUNGAN SILABAN, TIPANG, KEC. BAKTI RAJA, KABUPATEN HUMBANG HASUNDUTAN, SUMATERA UTARA 22457",https://www.google.com/maps/place/Gapura+Parhutaan+Borsak+Jungjungan+Silaban/data=!4m7!3m6!1s0x302e210020813a2f:0x1d18d71cc8fc04b8!8m2!3d2.3603298!4d98.8168495!16s%2Fg%2F11mz1ht0s3!19sChIJLzqBIAAhLjARuAT8yBzXGB0?authuser=0&hl=id&g_ep=EgoyMDI2MDkxNi4wIJJjKgBIAVAD&rclk=1
7881,PDU BAKTIRAJA,Sumatera Utara,Humbang Hasundutan,Baktiraja,2.323124,98.825893,"PDU BAKTIRAJA, KABUPATEN HUMBANG HASUNDUTAN, SUMATERA UTARA 22457",https://www.google.com/maps/place/PDU+BAKTIRAJA/data=!4m7!3m6!1s0x302e23005d96dafd:0xecc0cef09a805d25!8m2!3d2.3231238!4d98.8258927!16s%2Fg%2F11z50t89fr!19sChIJ_dqWXQAjLjARJV2AmvDOwOw?authuser=0&hl=id&g_ep=EgoyMDI2MDkxNi4wIJJjKgBIAVAD&rclk=1
7882,KEC. PARANGINAN,Sumatera Utara,Humbang Hasundutan,Paranginan,2.301685,98.927003,"KABUPATEN HUMBANG HASUNDUTAN, SUMATERA UTARA",https://www.google.com/maps/place/Kec.+Paranginan/data=!4m7!3m6!1s0x302e1a1c1e955467:0x690416ecba08580d!8m2!3d2.3016854!4d98.9270035!16s%2Fg%2F122yyk1g!19sChIJZ1SVHhwaLjARDVgIuuwWBGk?authuser=0&hl=id&g_ep=EgoyMDI2MDkxNi4wIJJjKgBIAVAD&rclk=1
7883,UD.GABRIELLA,Sumatera Utara,Humbang Hasundutan,Paranginan,2.300266,98.927335,"UD.GABRIELLA, JL. SIHONONGAN, PARANGINAN UTARA, KEC. PARANGINAN, KABUPATEN HUMBANG HASUNDUTAN, SUMATERA UTARA 22476",https://www.google.com/maps/place/UD.GABRIELLA/data=!4m7!3m6!1s0x302e1b94daf83a6f:0xd865fa11f5a3dc9b!8m2!3d2.3002655!4d98.9273347!16s%2Fg%2F11fpk78f4y!19sChIJbzr42pQbLjARm9yj9RH6Zdg?authuser=0&hl=id&g_ep=EgoyMDI2MDkxNi4wIJJjKgBIAVAD&rclk=1
7884,PARANGINAN,Sumatera Utara,Humbang Hasundutan,Paranginan,2.28278,98.956692,"PARANGINAN, SIBORUTORUP, KEC. PARANGINAN, KABUPATEN HUMBANG HASUNDUTAN, SUMATERA UTARA 22476",https://www.google.com/maps/place/Paranginan/data=!4m7!3m6!1s0x302e1b4465bdab27:0x990c9b22f4c49494!8m2!3d2.28278!4d98.956692!16s%2Fg%2F11s8lfg40y!19sChIJJ6u9ZUQbLjARlJTE9CKbDJk?authuser=0&hl=id&g_ep=EgoyMDI2MDkxNi4wIJJjKgBIAVAD&rclk=1
7886,SMP NEGERI 4 PAKKAT,Kalimantan Selatan,Tabalong,Tanjung,2.204009,98.47013,"SMP NEGERI 4 PAKKAT, RURA TANJUNG, PAKKAT, HUMBANG HASUNDUTAN REGENCY, NORTH SUMATRA 22456",https://www.google.com/maps/place/SMP+NEGERI+4+PAKKAT/data=!4m7!3m6!1s0x302fcca683f6f983:0x69a0d6f83674b031!8m2!3d2.2040093!4d98.4701299!16s%2Fg%2F11c1n1bh7v!19sChIJg_n2g6bMLzARMbB0NvjWoGk?authuser=0&hl=id&g_ep=EgoyMDI2MDkxNi4wIJJjKgBIAVAD&rclk=1
7887,PARLILITAN,Sumatera Utara,Humbang Hasundutan,Parlilitan,2.31796,98.457001,"SIHOTANG HASUGIAN TONGA, KEC. PARLILITAN, KABUPATEN HUMBANG HASUNDUTAN, SUMATERA UTARA",https://www.google.com/maps/place/Parlilitan/data=!4m7!3m6!1s0x302fd31e742beba7:0xb3282a468af9977!8m2!3d2.3179599!4d98.457001!16s%2Fg%2F1v90f649!19sChIJp-srdB7TLzARd5mvaKSCMgs?authuser=0&hl=id&g_ep=EgoyMDI2MDkxNi4wIJJjKgBIAVAD&rclk=1
7888,KEC. PARLILITAN,Sumatera Utara,Humbang Hasundutan,Parlilitan,2.324968,98.457118,"KABUPATEN HUMBANG HASUNDUTAN, SUMATERA UTARA",https://www.google.com/maps/place/Kec.+Parlilitan/data=!4m7!3m6!1s0x302fd4776667a5b3:0x6a172b321b3cc7da!8m2!3d2.3249677!4d98.4571176!16s%2Fg%2F11cs00nhvd!19sChIJs6VnZnfULzAR2sc8GzIrF2o?authuser=0&hl=id&g_ep=EgoyMDI2MDkxNi4wIJJjKgBIAVAD&rclk=1
7954,ULP GUNUNGSITOLI,Sumatera Utara,Kota Gunungsitoli,Gunungsitoli,1.289561,97.616851,"ULP GUNUNGSITOLI, JL. GOMO, SAOMBO, KEC. GUNUNGSITOLI, KOTA GUNUNGSITOLI, SUMATERA UTARA",https://www.google.com/maps/place/ULP+Gunungsitoli/data=!4m7!3m6!1s0x3025fb0024489b5b:0x8fe0d8589e366803!8m2!3d1.2895606!4d97.6168515!16s%2Fg%2F11zdf3rpgp!19sChIJW5tIJAD7JTARA2g2nljY4I8?authuser=0&hl=id&g_ep=EgoyMDI2MDkxNi4wIJJjKgBIAVAD&rclk=1
8052,SPPBE NASANGGA PUTRA,Sumatera Utara,Kota Padang Sidempuan,Padangsidimpuan Batunadua,1.432264,99.299458,"SPPBE NASANGGA PUTRA, SIMIRIK, KEC. PADANGSIDIMPUAN BATUNADUA, KOTA PADANG SIDEMPUAN, SUMATERA UTARA 22733",https://www.google.com/maps/place/SPPBE+NASANGGA+PUTRA/data=!4m7!3m6!1s0x302c195d6d618775:0x424b8c10d6d21045!8m2!3d1.4322641!4d99.2994584!16s%2Fg%2F11hcnc6_vx!19sChIJdYdhbV0ZLDARRRDS1hCMS0I?authuser=0&hl=id&g_ep=EgoyMDI2MDkxNi4wIJJjKgBIAVAD&rclk=1
8053,MOMPANG,Sumatera Utara,Kota Padang Sidempuan,Padangsidimpuan Angkola Julu,1.450866,99.270243,"KEC. PADANGSIDIMPUAN ANGKOLA JULU, KOTA PADANG SIDEMPUAN, SUMATERA UTARA",https://www.google.com/maps/place/Mompang/data=!4m7!3m6!1s0x302c1ecdd0389161:0x8a7616d49ea23474!8m2!3d1.4508658!4d99.2702429!16s%2Fg%2F12hhhz_jv!19sChIJYZE40M0eLDARdDSintQWdoo?authuser=0&hl=id&g_ep=EgoyMDI2MDkxNi4wIJJjKgBIAVAD&rclk=1
8058,KANTOR PELAYANAN PERIJINAN TERPADU KOTA PANGSIDEMPUAN,Sumatera Utara,Kota Padang Sidempuan,Padangsidimpuan Tenggara,1.335917,99.302606,"KANTOR PELAYANAN PERIJINAN TERPADU KOTA PANGSIDEMPUAN, PALOPAT PK, KEC. PADANGSIDIMPUAN TENGGARA, KOTA PADANG SIDEMPUAN, SUMATERA UTARA 22733",https://www.google.com/maps/place/Kantor+Pelayanan+Perijinan+Terpadu+Kota+Pangsidempuan/data=!4m7!3m6!1s0x302c04c704b5cfb5:0x77f108977e23d1f!8m2!3d1.3359174!4d99.3026056!16s%2Fg%2F11bc7pctwf!19sChIJtc-1BMcELDARHz3id4kQfwc?authuser=0&hl=id&g_ep=EgoyMDI2MDkxNi4wIJJjKgBIAVAD&rclk=1
8059,PERTAMINA SPBU 14.227.312 MANUNGGANG,Sumatera Utara,Kota Padang Sidempuan,Padangsidimpuan Tenggara,1.322583,99.315334,"JL TENGKU RIZAL NURDIN, KM. 9, PADANG SIDEMPUAN TENGGARA, PIJARKOLING, KEC. PADANGSIDIMPUAN TENGGARA, KOTA PADANG SIDEMPUAN, SUMATERA UTARA 22773",https://www.google.com/maps/place/Pertamina+SPBU+14.227.312+Manunggang/data=!4m7!3m6!1s0x302c04ec44f1439b:0x79398e4a672a4e04!8m2!3d1.3225831!4d99.315334!16s%2Fg%2F11bc7p91h1!19sChIJm0PxROwELDARBE4qZ0qOOXk?authuser=0&hl=id&g_ep=EgoyMDI2MDkxNi4wIJJjKgBIAVAD&rclk=1
8060,SPX EXPRESS PADANGSIDIMPUAN TENGGARA HUB,Jawa Timur,Kota Kediri,Kota,1.37715,99.268842,"JL. LINTAS SUMATERA, SIHITANG, PADANGSIDIMPUAN TENGGARA, KOTA PADANG, NORTH SUMATRA 22711",https://www.google.com/maps/place/SPX+Express+Padangsidimpuan+Tenggara+Hub/data=!4m7!3m6!1s0x302c1d7728529293:0x319aebd34f16c4bf!8m2!3d1.3771504!4d99.2688417!16s%2Fg%2F11w8kq9s11!19sChIJk5JSKHcdLDARv8QWT9PrmjE?authuser=0&hl=id&g_ep=EgoyMDI2MDkxNi4wIJJjKgBIAVAD&rclk=1
8061,GBB PALOPAT,Sumatera Utara,Kota Padang Sidempuan,Padangsidimpuan Tenggara,1.339896,99.301279,"JL. TRANS SUMATERA BUKITTINGGI - PADANG SIDEMPUAN NO.50, PALOPAT PK, KEC. PADANGSIDIMPUAN TENGGARA, KOTA PADANG SIDEMPUAN, SUMATERA UTARA 22733",https://www.google.com/maps/place/GBB+Palopat/data=!4m7!3m6!1s0x302c04c815bb4431:0xa96ea471ac283c52!8m2!3d1.3398964!4d99.3012791!16s%2Fg%2F11csrg5k1m!19sChIJMUS7FcgELDARUjworHGkbqk?authuser=0&hl=id&g_ep=EgoyMDI2MDkxNi4wIJJjKgBIAVAD&rclk=1
8264,SPG SUGA,Sumatera Utara,Mandailing Natal,Panyabungan,0.782422,99.667895,"SPG SUGA, UNNAMED ROAD, RANTO NATAS, KEC. PANYABUNGAN TIM., KABUPATEN MANDAILING NATAL, SUMATERA UTARA 22952",https://www.google.com/maps/place/Spg+Suga/data=!4m7!3m6!1s0x302bbb0babd4442d:0x8b7f61303ad29d57!8m2!3d0.782422!4d99.6678947!16s%2Fg%2F11fln3pr1d!19sChIJLUTUqwu7KzARV53SOjBhf4s?authuser=0&hl=id&g_ep=EgoyMDI2MDkxNi4wIJJjKgBIAVAD&rclk=1
8269,SPX EXPRESS PANYABUNGAN HUB,Sumatera Utara,Mandailing Natal,Natal,0.817218,99.567512,"PANGGORENGAN, PANYABUNGAN, MANDAILING NATAL REGENCY, NORTH SUMATRA 22977",https://www.google.com/maps/place/SPX+Express+Panyabungan+Hub/data=!4m7!3m6!1s0x302bb9c600672239:0x8449e611378eeb81!8m2!3d0.8172176!4d99.5675117!16s%2Fg%2F11w8krn6zw!19sChIJOSJnAMa5KzARgeuONxHmSYQ?authuser=0&hl=id&g_ep=EgoyMDI2MDkxNi4wIJJjKgBIAVAD&rclk=1
8270,KOTANOPAN,Sumatera Utara,Mandailing Natal,Kotanopan,0.668123,99.70746,"KOTANOPAN, PS. KOTANOPAN, KEC. KOTANOPAN, KABUPATEN MANDAILING NATAL, SUMATERA UTARA 22994",https://www.google.com/maps/place/Kotanopan/data=!4m7!3m6!1s0x302bb1003aeb7cd9:0x47542536e6b814af!8m2!3d0.6681229!4d99.7074604!16s%2Fg%2F11wjprhxf1!19sChIJ2XzrOgCxKzARrxS45jYlVEc?authuser=0&hl=id&g_ep=EgoyMDI2MDkxNi4wIJJjKgBIAVAD&rclk=1
8271,MANDAILING NATAL,Sumatera Utara,Mandailing Natal,Kotanopan,0.661762,99.707941,"MANDAILING NATAL, PS. KOTANOPAN, KEC. KOTANOPAN, KABUPATEN MANDAILING NATAL, SUMATERA UTARA 22994",https://www.google.com/maps/place/mandailing+natal/data=!4m7!3m6!1s0x302bb3978a7e6b85:0xfff4d4926bc8344c!8m2!3d0.6617619!4d99.707941!16s%2Fg%2F11sjgrdbwr!19sChIJhWt-ipezKzARTDTIa5LU9P8?authuser=0&hl=id&g_ep=EgoyMDI2MDkxNi4wIJJjKgBIAVAD&rclk=1
8273,KEC. BATANG NATAL,Sumatera Utara,Mandailing Natal,Natal,0.69351,99.368274,"KABUPATEN MANDAILING NATAL, SUMATERA UTARA",https://www.google.com/maps/place/Kec.+Batang+Natal/data=!4m7!3m6!1s0x302bcc1f5720bd7f:0xa4ec6197579adc7c!8m2!3d0.6935105!4d99.3682743!16s%2Fg%2F121djr2l!19sChIJf70gVx_MKzARfNyaV5dh7KQ?authuser=0&hl=id&g_ep=EgoyMDI2MDkxNi4wIJJjKgBIAVAD&rclk=1
8274,PLTM BATANG GADIS,Sumatera Utara,Mandailing Natal,Panyabungan,0.806553,99.569169,"PLTM BATANG GADIS, PARBANGUNAN, KEC. PANYABUNGAN, KABUPATEN MANDAILING NATAL, SUMATERA UTARA 22977",https://www.google.com/maps/place/PLTM+Batang+Gadis/data=!4m7!3m6!1s0x302bb8c7a4f31819:0x76b0a5b5dfab3ea0!8m2!3d0.8065534!4d99.5691691!16s%2Fg%2F11c30sjp0d!19sChIJGRjzpMe4KzARoD6r37WlsHY?authuser=0&hl=id&g_ep=EgoyMDI2MDkxNi4wIJJjKgBIAVAD&rclk=1
8276,KEC. ULU PUNGKUT,Sumatera Utara,Mandailing Natal,Natal,0.559395,99.748347,"KABUPATEN MANDAILING NATAL, SUMATERA UTARA","https://www.google.com/maps/place/Kec.+Ulu+Pungkut,+Kabupaten+Mandailing+Natal,+Sumatera+Utara/@0.5351079,99.7805755,12z/data=!3m1!4b1!4m6!3m5!1s0x302a53c5bd289789:0x8d7ddc12e6ca362e!8m2!3d0.5593946!4d99.7483469!16s%2Fg%2F121y0f9q?hl=id&entry=ttu&g_ep=EgoyMDI2MDkxNi4wIKXMDSoASAFQAw%3D%3D"
8277,KEC. MUARA SIPONGI,Sumatera Utara,Mandailing Natal,Natal,0.614192,99.860458,"KABUPATEN MANDAILING NATAL, SUMATERA UTARA","https://www.google.com/maps/place/Kec.+Muara+Sipongi,+Kabupaten+Mandailing+Natal,+Sumatera+Utara/@0.616398,99.8885235,12z/data=!3m1!4b1!4m6!3m5!1s0x302baa90d01be5a5:0x954e89ab23f8db1!8m2!3d0.6141918!4d99.8604582!16s%2Fg%2F1238s6x3?hl=id&entry=ttu&g_ep=EgoyMDI2MDkxNi4wIKXMDSoASAFQAw%3D%3D"
8278,KEC. MUARA BATANG GADIS,Sumatera Utara,Mandailing Natal,Natal,0.969705,99.10135,"KABUPATEN MANDAILING NATAL, SUMATERA UTARA",https://www.google.com/maps/place/Kec.+Muara+Batang+Gadis/data=!4m7!3m6!1s0x302957398ac4e0e9:0xa84cc0b96ea8a1d4!8m2!3d0.969705!4d99.1013498!16s%2Fg%2F121xkf9v!19sChIJ6eDEijlXKTAR1KGobrnATKg?authuser=0&hl=id&g_ep=EgoyMDI2MDkxNi4wIJJjKgBIAVAD&rclk=1
8279,PS. HUTA BARGOT,Sumatera Utara,Mandailing Natal,Huta Bargot,0.87321,99.515903,"KEC. HUTA BARGOT, KABUPATEN MANDAILING NATAL, SUMATERA UTARA",https://www.google.com/maps/place/Ps.+Huta+Bargot/data=!4m7!3m6!1s0x302bc040d126880f:0x444d0f28a2ec0826!8m2!3d0.87321!4d99.5159026!16s%2Fg%2F12h2tkf7m!19sChIJD4gm0UDAKzARJgjsoigPTUQ?authuser=0&hl=id&g_ep=EgoyMDI2MDkxNi4wIJJjKgBIAVAD&rclk=1
8280,KEC. HUTA BARGOT,Sumatera Utara,Mandailing Natal,Natal,0.873848,99.512896,"KABUPATEN MANDAILING NATAL, SUMATERA UTARA",https://www.google.com/maps/place/Kec.+Huta+Bargot/data=!4m7!3m6!1s0x302bc1f54adee0f3:0x2f757406c623131c!8m2!3d0.8738479!4d99.5128964!16s%2Fg%2F120q2d6m!19sChIJ8-DeSvXBKzARHBMjxgZ0dS8?authuser=0&hl=id&g_ep=EgoyMDI2MDkxNi4wIJJjKgBIAVAD&rclk=1
8281,KEC. NAGA JUANG,Sumatera Utara,Mandailing Natal,Natal,0.928083,99.486812,"KABUPATEN MANDAILING NATAL, SUMATERA UTARA","https://www.google.com/maps/place/Kec.+Naga+Juang,+Kabupaten+Mandailing+Natal,+Sumatera+Utara/@0.9268015,99.44602,13z/data=!3m1!4b1!4m6!3m5!1s0x302be9835b73fe47:0x8b19bcbcbe3835e1!8m2!3d0.9280833!4d99.4868119!16s%2Fg%2F121d6dl7?hl=id&entry=ttu&g_ep=EgoyMDI2MDkxNi4wIKXMDSoASAFQAw%3D%3D"
8282,KEC. PUNCAK SORIK MARAPI,Sumatera Utara,Mandailing Natal,Natal,0.709125,99.571864,"KABUPATEN MANDAILING NATAL, SUMATERA UTARA",https://www.google.com/maps/place/Kec.+Puncak+Sorik+Marapi/data=!4m7!3m6!1s0x302bb642f69e2abf:0x2cf40f241ede512d!8m2!3d0.7091252!4d99.5718637!16s%2Fg%2F120s25dq!19sChIJvyqe9kK2KzARLVHeHiQP9Cw?authuser=0&hl=id&g_ep=EgoyMDI2MDkxNi4wIJJjKgBIAVAD&rclk=1
8283,PT SMGP PUNCAK SORIK MERAPI DESA SIBANGGOR TONGA,Sumatera Utara,Mandailing Natal,Puncak Sorik Marapi,0.713144,99.575374,"PT SMGP PUNCAK SORIK MERAPI DESA SIBANGGOR TONGA, SIBANGGOR TONGA, KEC. PUNCAK SORIK MARAPI, KABUPATEN MANDAILING NATAL, SUMATERA UTARA 22994",https://www.google.com/maps/place/PT+SMGP+Puncak+Sorik+Merapi+Desa+Sibanggor+Tonga/data=!4m7!3m6!1s0x302bb7b0f6a068c9:0x62b1401e46f56102!8m2!3d0.7131442!4d99.5753744!16s%2Fg%2F11g7z9ymkd!19sChIJyWig9rC3KzARAmH1Rh5AsWI?authuser=0&hl=id&g_ep=EgoyMDI2MDkxNi4wIJJjKgBIAVAD&rclk=1
8284,KEC. PAKANTAN,Sumatera Utara,Mandailing Natal,Natal,0.547993,99.894964,"KABUPATEN MANDAILING NATAL, SUMATERA UTARA",https://www.google.com/maps/place/Kec.+Pakantan/data=!4m7!3m6!1s0x302a55fa32be07e1:0x945b7a39bf8e7a9a!8m2!3d0.5479934!4d99.8949637!16s%2Fg%2F121_tvlv!19sChIJ4Qe-MvpVKjARmnqOvzl6W5Q?authuser=0&hl=id&g_ep=EgoyMDI2MDkxNi4wIJJjKgBIAVAD&rclk=1
8296,GPI LEWEGURU SOMÖLÖMÖLÖ,Sumatera Utara,Nias,Somolo-Molo,1.040249,97.706849,"GPI LEWEGURU SOMÖLÖMÖLÖ, LAWA LAWALUO, KEC. SOMOLO-MOLO, KABUPATEN NIAS, SUMATERA UTARA 22871",https://www.google.com/maps/place/GPI+LEWEGURU+SOM%C3%96L%C3%96M%C3%96L%C3%96/data=!4m7!3m6!1s0x30261dcdb145e85f:0x1a0a084ddb344771!8m2!3d1.040249!4d97.7068488!16s%2Fg%2F11t7lsdj8w!19sChIJX-hFsc0dJjARcUc0200ICho?authuser=0&hl=id&g_ep=EgoyMDI2MDkxNi4wIJJjKgBIAVAD&rclk=1
8301,PUSKESMAS BOTOMUZOI,Sumatera Utara,Nias,Botomuzoi,1.170685,97.54368,"PUSKESMAS BOTOMUZOI, HILIWAELE I, KEC. BOTOMUZOI, KABUPATEN NIAS, SUMATERA UTARA 22854",https://www.google.com/maps/place/PUSKESMAS+BOTOMUZOI/data=!4m7!3m6!1s0x30260900192976e1:0xb33a6e8f91ccd899!8m2!3d1.1706851!4d97.5436801!16s%2Fg%2F11vx57rtm0!19sChIJ4XYpGQAJJjARmdjMkY9uOrM?authuser=0&hl=id&g_ep=EgoyMDI2MDkxNi4wIJJjKgBIAVAD&rclk=1
8306,DINAS PENANAMAN MODAL DAN PELAYAN TERPADU SATU PINTU KABUPATEN NIAS,Sumatera Utara,Nias,Gido,1.119944,97.724992,"KOMPLEK PERKANTORAN, JL. MADUMA, WEA-WEA, KEC. GIDO, KABUPATEN NIAS, SUMATERA UTARA 22871",https://www.google.com/maps/place/DINAS+PENANAMAN+MODAL+DAN+PELAYAN+TERPADU+SATU+PINTU+KABUPATEN+NIAS/data=!4m7!3m6!1s0x3026030078e11f7b:0x19c4234146987775!8m2!3d1.1199445!4d97.7249916!16s%2Fg%2F11vzrkqdrx!19sChIJex_heAADJjARdXeYRkEjxBk?authuser=0&hl=id&g_ep=EgoyMDI2MDkxNi4wIJJjKgBIAVAD&rclk=1
8307,KANTOR KECAMATAN GIDO,Sumatera Utara,Nias,Gido,1.115965,97.72351,"KANTOR KECAMATAN GIDO, HELIWETO GIDO, KEC. GIDO, KABUPATEN NIAS, SUMATERA UTARA 22871",https://www.google.com/maps/place/Kantor+Kecamatan+Gido/data=!4m7!3m6!1s0x302603dccf07575d:0x520af9c96de5db15!8m2!3d1.1159649!4d97.7235102!16s%2Fg%2F11dx99qhk5!19sChIJXVcHz9wDJjARFdvlbcn5ClI?authuser=0&hl=id&g_ep=EgoyMDI2MDkxNi4wIJJjKgBIAVAD&rclk=1
8310,PUSKESMAS BAWÖLATO,Sumatera Utara,Nias,Bawolato,0.937524,97.868738,"PUSKESMAS BAWÖLATO, SISARAHILI, BAWOLATO, NIAS REGENCY, NORTH SUMATRA 22876",https://www.google.com/maps/place/Puskesmas+Baw%C3%B6lato/data=!4m7!3m6!1s0x3028a1e09375ab47:0xc61c9ec1f13b33e0!8m2!3d0.9375242!4d97.8687377!16s%2Fg%2F11hdl4t41p!19sChIJR6t1k-ChKDAR4DM78cGeHMY?authuser=0&hl=id&g_ep=EgoyMDI2MDkxNi4wIJJjKgBIAVAD&rclk=1
8319,SMP NEGERI 2 SIDUA ORI,Sumatera Utara,Nias Selatan,Sidua'Ori,0.835758,97.82049,"TALUZUSUA, KECAMATAN, HILISAO'OTO, KEC. SIDUA'ORI, KABUPATEN NIAS SELATAN, SUMATERA UTARA 22874",https://www.google.com/maps/place/SMP+Negeri+2+Sidua+ori/data=!4m7!3m6!1s0x30289f3b86abc8f3:0xb85b11da504ca782!8m2!3d0.835758!4d97.8204897!16s%2Fg%2F11gy4kw0n9!19sChIJ88irhjufKDARgqdMUNoRW7g?authuser=0&hl=id&g_ep=EgoyMDI2MDkxNi4wIJJjKgBIAVAD&rclk=1
8320,SMP NEGERI 1 SIDUA ORI,Sumatera Utara,Nias Selatan,Lahusa,0.809769,97.835361,"SMP NEGERI 1 SIDUA ORI, ULU IDANODUO, KEC. LAHUSA, KABUPATEN NIAS SELATAN, SUMATERA UTARA 22874",https://www.google.com/maps/place/SMP+NEGERI+1+SIDUA+ORI/data=!4m7!3m6!1s0x30289d5afeb31cbb:0xc33ea088e3804aeb!8m2!3d0.8097686!4d97.8353612!16s%2Fg%2F11g4hdtkxy!19sChIJuxyz_lqdKDAR60qA44igPsM?authuser=0&hl=id&g_ep=EgoyMDI2MDkxNi4wIJJjKgBIAVAD&rclk=1
8325,KANTOR CAMAT LUAHAGUNDRE MANIAMOLO,Sumatera Utara,Nias Selatan,Maniamolo,0.580179,97.732375,"KANTOR CAMAT LUAHAGUNDRE MANIAMOLO, DESA LAGUNDRI KECAMATAN LUAHAGUNDRE, LAGUNDRI, KEC. MANIAMOLO, KABUPATEN NIAS SELATAN, SUMATERA UTARA 22865",https://www.google.com/maps/place/Kantor+Camat+Luahagundre+Maniamolo/data=!4m7!3m6!1s0x3027d5b1a885c835:0xe77a8abd073121d2!8m2!3d0.5801794!4d97.7323751!16s%2Fg%2F11jl5q50kz!19sChIJNciFqLHVJzAR0iExB72Keuc?authuser=0&hl=id&g_ep=EgoyMDI2MDkxNi4wIJJjKgBIAVAD&rclk=1
8328,UPTD PUSKESMAS TANAH MASA,Sumatera Utara,Nias Selatan,Tanah Masa,-0.129312,98.389424,"UPTD PUSKESMAS TANAH MASA, BALUTA, HIBALA, SOUTH NIAS REGENCY, NORTH SUMATRA 22881",https://www.google.com/maps/place/UPTD+Puskesmas+Tanah+Masa/data=!4m7!3m6!1s0x2fd7d18ccb3d40e7:0xcdf2589f087ddca5!8m2!3d-0.129312!4d98.389424!16s%2Fg%2F11h9xsnyv5!19sChIJ50A9y4zR1y8Rpdx9CJ9Y8s0?authuser=0&hl=id&g_ep=EgoyMDI2MDkxNi4wIJJjKgBIAVAD&rclk=1
8330,KANTOR CAMAT GOMO,Sumatera Utara,Nias Selatan,Gomo,0.855979,97.806038,"KANTOR CAMAT GOMO, SIFAOROASI GOMO, KEC. GOMO, KABUPATEN NIAS SELATAN, SUMATERA UTARA 22873",https://www.google.com/maps/place/Kantor+Camat+Gomo/data=!4m7!3m6!1s0x30289e3592d87aff:0x5ef3e8f18dfb9038!8m2!3d0.8559787!4d97.8060376!16s%2Fg%2F11fxzm83lp!19sChIJ_3rYkjWeKDAROJD7jfHo814?authuser=0&hl=id&g_ep=EgoyMDI2MDkxNi4wIJJjKgBIAVAD&rclk=1
8331,KECAMATAN GOMO,Sumatera Utara,Nias Selatan,Gomo,0.855778,97.806837,"KECAMATAN GOMO, SIFAOROASI GOMO, KEC. GOMO, KABUPATEN NIAS SELATAN, SUMATERA UTARA 22873",https://www.google.com/maps/place/KECAMATAN+GOMO/data=!4m7!3m6!1s0x30289f9c9c4e2c2f:0x25030258275db3b9!8m2!3d0.8557779!4d97.8068369!16s%2Fg%2F11rgry5sdl!19sChIJLyxOnJyfKDARubNdJ1gCAyU?authuser=0&hl=id&g_ep=EgoyMDI2MDkxNi4wIJJjKgBIAVAD&rclk=1
8341,PAUD DESA TUHO'OWO,Sumatera Utara,Nias Selatan,Hilimegai,0.898099,97.603844,"PAUD DESA TUHO, OWO, SOLEDUA, KEC. HILIMEGAI, KABUPATEN NIAS SELATAN, SUMATERA UTARA 22864",https://www.google.com/maps/place/PAUD+DESA+TUHO%27OWO/data=!4m7!3m6!1s0x302617784f3b5683:0xae5a2bc6cc904184!8m2!3d0.8980993!4d97.6038444!16s%2Fg%2F11sbdcc2ct!19sChIJg1Y7T3gXJjARhEGQzMYrWq4?authuser=0&hl=id&g_ep=EgoyMDI2MDkxNi4wIJJjKgBIAVAD&rclk=1
8348,SP. BRAGAZ,Sumatera Utara,Padang Lawas Utara,Halongonan,1.630584,99.884776,"SP. BRAGAZ, JL. KOTA PINANG - GUNUNG TUA, SIHOPUK BARU, KEC. HALONGONAN, KABUPATEN PADANG LAWAS UTARA, SUMATERA UTARA 22753","https://www.google.com/maps/place/Sp.+Bragaz/@1.6305845,99.8847757,17z/data=!3m1!4b1!4m6!3m5!1s0x302c586b64f74783:0x9fca40bc28c22775!8m2!3d1.6305845!4d99.8847757!16s%2Fg%2F11cs2gzrwc?hl=id&entry=ttu&g_ep=EgoyMDI2MDkxNi4wIKXMDSoASAFQAw%3D%3D"
8372,KEC. DOLOK SIGOMPULON,Sumatera Utara,Padang Lawas Utara,Dolok,1.971696,99.831256,"KABUPATEN PADANG LAWAS UTARA, SUMATERA UTARA",https://www.google.com/maps/place/Kec.+Dolok+Sigompulon/data=!4m7!3m6!1s0x302dba97e4c4ea7f:0xb9dd95cf04008b63!8m2!3d1.9716962!4d99.8312558!16s%2Fg%2F1227pwld!19sChIJf-rE5Je6LTARY4sABM-V3bk?authuser=0&hl=id&g_ep=EgoyMDI2MDkxNi4wIJJjKgBIAVAD&rclk=1
8378,KEC. PERGETTENG GETTENG SENGKUT,Sumatera Utara,Pakpak Bharat,Pergetteng Getteng Sengkut,2.545376,98.300254,"KABUPATEN PAKPAK BHARAT, SUMATERA UTARA",https://www.google.com/maps/place/Kec.+Pergetteng+Getteng+Sengkut/data=!4m7!3m6!1s0x3030247aa274052f:0xd7319d333c69ef68!8m2!3d2.5453763!4d98.3002539!16s%2Fg%2F1229dtkj!19sChIJLwV0onokMDARaO9pPDOdMdc?authuser=0&hl=id&g_ep=EgoyMDI2MDkxNi4wIJJjKgBIAVAD&rclk=1
8379,KANTOR BUPATI PAKPAK BHARAT,Sumatera Utara,Pakpak Bharat,Salak,2.540356,98.322449,"KANTOR BUPATI PAKPAK BHARAT, KOMPLEK PANORAMA INDAH SINDEKA, SALAK II, KEC. SALAK, KABUPATEN PAKPAK BHARAT, SUMATERA UTARA 27772","https://www.google.com/maps/place/Kantor+Bupati+Pakpak+Bharat/@2.5403556,98.3224487,17z/data=!3m1!4b1!4m6!3m5!1s0x30302584ee6e6e4b:0xce8dfb6d1ab31dad!8m2!3d2.5403556!4d98.3224487!16s%2Fg%2F11gzdyynw?hl=id&entry=ttu&g_ep=EgoyMDI2MDkxNi4wIKXMDSoASAFQAw%3D%3D"
8380,BADAN PUSAT STATISTIK KABUPATEN PAKPAK BHARAT,Nusa Tenggara Timur,Kota Kupang,Alak,2.543441,98.325923,"SALAK II, SALAK, PAKPAK BHARAT REGENCY, NORTH SUMATRA 22272",https://www.google.com/maps/place/BADAN+PUSAT+STATISTIK+KABUPATEN+PAKPAK+BHARAT/data=!4m7!3m6!1s0x30302f7218188781:0x2fffd7362fa348d4!8m2!3d2.543441!4d98.325923!16s%2Fg%2F11dyb5fn_0!19sChIJgYcYGHIvMDAR1EijLzbX_y8?authuser=0&hl=id&g_ep=EgoyMDI2MDkxNi4wIJJjKgBIAVAD&rclk=1
8381,SMP NEGERI 1 SIEMPAT RUBE,Sumatera Utara,Pakpak Bharat,Siempat Rube,2.573385,98.350712,"SMP NEGERI 1 SIEMPAT RUBE, TRAJU, KEC. SIEMPAT RUBE, KABUPATEN PAKPAK BHARAT, SUMATERA UTARA 22272",https://www.google.com/maps/place/SMP+NEGERI+1+SIEMPAT+RUBE/data=!4m7!3m6!1s0x30302fcaef8eb2e5:0x54a26eda9f284c!8m2!3d2.573385!4d98.350712!16s%2Fg%2F11f03_vbvr!19sChIJ5bKO78ovMDARTCif2m6iVAA?authuser=0&hl=id&g_ep=EgoyMDI2MDkxNi4wIJJjKgBIAVAD&rclk=1
8382,RESDES,Sumatera Utara,Pakpak Bharat,Siempat Rube,2.563524,98.381954,"RESDES, SIEMPAT RUBE II, KEC. SIEMPAT RUBE, KABUPATEN PAKPAK BHARAT, SUMATERA UTARA 22272",https://www.google.com/maps/place/Resdes/data=!4m7!3m6!1s0x30302f0045e3f9cf:0x8dcdfbc722e4785e!8m2!3d2.5635242!4d98.3819538!16s%2Fg%2F11y2fpxpj6!19sChIJz_njRQAvMDARXnjkIsf7zY0?authuser=0&hl=id&g_ep=EgoyMDI2MDkxNi4wIJJjKgBIAVAD&rclk=1
8383,SD JAMBU MBELLANG,Sumatera Utara,Pakpak Bharat,Siempat Rube,2.570152,98.347989,"SD JAMBU MBELLANG, TRAJU, KEC. SIEMPAT RUBE, KABUPATEN PAKPAK BHARAT, SUMATERA UTARA 22272",https://www.google.com/maps/place/SD+Jambu+Mbellang/data=!4m7!3m6!1s0x30302fff7e3a2177:0xf4e9aaca0f24ad53!8m2!3d2.5701516!4d98.3479893!16s%2Fg%2F11rft4y7lz!19sChIJdyE6fv8vMDARU60kD8qq6fQ?authuser=0&hl=id&g_ep=EgoyMDI2MDkxNi4wIJJjKgBIAVAD&rclk=1
8384,JAMBU MBELLANG DESA SIEMPAT RUBE II,Sumatera Utara,Pakpak Bharat,Siempat Rube,2.566893,98.351563,"JAMBU MBELLANG DESA SIEMPAT RUBE II, JAMBU, MBELLANG, KABUPATEN PAKPAK BHARAT, SUMATERA UTARA 22272",https://www.google.com/maps/place/Jambu+Mbellang+Desa+siempat+rube+II/data=!4m7!3m6!1s0x30302f0f13ad4aaf:0x32f1e2509c333bef!8m2!3d2.5668933!4d98.3515634!16s%2Fg%2F11fl5r24tr!19sChIJr0qtEw8vMDAR7zsznFDi8TI?authuser=0&hl=id&g_ep=EgoyMDI2MDkxNi4wIJJjKgBIAVAD&rclk=1
8385,PUSKESMAS JAMBU,Sumatera Utara,Pakpak Bharat,Siempat Rube,2.569444,98.34816,"PUSKESMAS JAMBU, TRAJU, SIEMPAT RUBE, PAKPAK BHARAT REGENCY, NORTH SUMATRA 22272",https://www.google.com/maps/place/Puskesmas+Jambu/data=!4m7!3m6!1s0x30302fb5cbadff8f:0xb668335e4b157d5d!8m2!3d2.5694439!4d98.3481597!16s%2Fg%2F11clzsb974!19sChIJj_-ty7UvMDARXX0VS14zaLY?authuser=0&hl=id&g_ep=EgoyMDI2MDkxNi4wIJJjKgBIAVAD&rclk=1
8386,GEREJA GKPPD JAMBU BUAH REA,Sumatera Utara,Pakpak Bharat,Siempat Rube,2.573544,98.345815,"GEREJA GKPPD JAMBU BUAH REA, JAMBU BUAH REA, SIEMPAT RUBE I, KEC. SIEMPAT RUBE, KABUPATEN PAKPAK BHARAT, SUMATERA UTARA 22272",https://www.google.com/maps/place/Gereja+GKPPD+Jambu+Buah+Rea/data=!4m7!3m6!1s0x30302fc9a29c07d7:0x95d341daec0a6f4e!8m2!3d2.5735442!4d98.3458148!16s%2Fg%2F11gcz3gxs_!19sChIJ1wecoskvMDARTm8K7NpB05U?authuser=0&hl=id&g_ep=EgoyMDI2MDkxNi4wIJJjKgBIAVAD&rclk=1
8388,KEC. RONGGUR NIHUTA,Sumatera Utara,Samosir,Ronggur Nihuta,2.587598,98.782501,"KABUPATEN SAMOSIR, SUMATERA UTARA",https://www.google.com/maps/place/Kec.+Ronggur+Nihuta/data=!4m7!3m6!1s0x3031c2e4e1c7e4ad:0xe7dbd02968c78366!8m2!3d2.587598!4d98.7825006!16s%2Fg%2F1213vd_j!19sChIJreTH4eTCMTARZoPHaCnQ2-c?authuser=0&hl=id&g_ep=EgoyMDI2MDkxNi4wIJJjKgBIAVAD&rclk=1
8390,PUSKESMAS RONGGUR NIHUTA,Sumatera Utara,Samosir,Ronggur Nihuta,2.5898,98.790901,"PUSKESMAS RONGGUR NIHUTA, UNNAMED RD,, RONGGUR NIHUTA, KEC. RONGGUR NIHUTA, KABUPATEN SAMOSIR, SUMATERA UTARA 22395",https://www.google.com/maps/place/Puskesmas+Ronggur+Nihuta/data=!4m7!3m6!1s0x3031c32abd6d440f:0x1d58d91ff3bcd6ac!8m2!3d2.5897998!4d98.7909011!16s%2Fg%2F11b8tfh45y!19sChIJD0RtvSrDMTARrNa88x_ZWB0?authuser=0&hl=id&g_ep=EgoyMDI2MDkxNi4wIJJjKgBIAVAD&rclk=1
8392,KANTOR CAMAT RONGGUR NIHUTA,Sumatera Utara,Samosir,Ronggur Nihuta,2.598052,98.783012,"KANTOR CAMAT RONGGUR NIHUTA, RONGGUR NIHUTA, KEC. RONGGUR NIHUTA, KABUPATEN SAMOSIR, SUMATERA UTARA 22395",https://www.google.com/maps/place/Kantor+Camat+Ronggur+Nihuta/data=!4m7!3m6!1s0x3031c32f89d9ee47:0xf70daba3fc8be70c!8m2!3d2.5980516!4d98.7830117!16s%2Fg%2F11bw3d05t0!19sChIJR-7ZiS_DMTARDOeL_KOrDfc?authuser=0&hl=id&g_ep=EgoyMDI2MDkxNi4wIJJjKgBIAVAD&rclk=1
8394,PUSKESMAS SITIOTIO,Sumatera Utara,Samosir,Sitio-Tio,2.44283,98.778767,"PUSKESMAS SITIOTIO, UNNAMED ROAD, SABULAN, KEC. SITIO-TIO, KABUPATEN SAMOSIR, SUMATERA UTARA",https://www.google.com/maps/place/Puskesmas+Sitiotio/data=!4m7!3m6!1s0x3031df158b62ce33:0xe8e6cc0932802c3!8m2!3d2.4428296!4d98.7787668!16s%2Fg%2F11jdtqw1j7!19sChIJM85iixXfMTARwwIok8Bsjg4?authuser=0&hl=id&g_ep=EgoyMDI2MDkxNi4wIJJjKgBIAVAD&rclk=1
8486,GKPS PANOMBEIAN PANEI,Sumatera Utara,Simalungun,Panei,2.93039,98.981348,"GKPS PANOMBEIAN PANEI, PANOMBEAN, KEC. PANEI, KABUPATEN SIMALUNGUN, SUMATERA UTARA 21165",https://www.google.com/maps/place/GKPS+PANOMBEIAN+PANEI/data=!4m7!3m6!1s0x30319beef1a16db5:0x5014dad972c923dc!8m2!3d2.9303901!4d98.9813484!16s%2Fg%2F11frr2w1_s!19sChIJtW2h8e6bMTAR3CPJctnaFFA?authuser=0&hl=id&g_ep=EgoyMDI2MDkxNi4wIJJjKgBIAVAD&rclk=1
8495,GKPS PAMATANG SIDAMANIK,Sumatera Utara,Simalungun,Pematang Sidamanik,2.845043,98.886737,"GKPS PAMATANG SIDAMANIK, SIMANTIN, KEC. PEMATANG SIDAMANIK, KABUPATEN SIMALUNGUN, SUMATERA UTARA 21171",https://www.google.com/maps/place/GKPS+Pamatang+Sidamanik/data=!4m7!3m6!1s0x303197175b828001:0x229fba3e78178c51!8m2!3d2.8450431!4d98.886737!16s%2Fg%2F11h4zfw69n!19sChIJAYCCWxeXMTARUYwXeD66nyI?authuser=0&hl=id&g_ep=EgoyMDI2MDkxNi4wIJJjKgBIAVAD&rclk=1
8496,KEC. GIRSANG SIPANGAN BOLON,Sumatera Utara,Simalungun,Girsang Sipangan Bolon,2.666549,98.943225,"KABUPATEN SIMALUNGUN, SUMATERA UTARA",https://www.google.com/maps/place/Kec.+Girsang+Sipangan+Bolon/data=!4m7!3m6!1s0x3031edccb56e91a3:0x72ab6ea1b1829cbc!8m2!3d2.6665489!4d98.9432249!16s%2Fg%2F1236ymwx!19sChIJo5FutcztMTARvJyCsaFuq3I?authuser=0&hl=id&g_ep=EgoyMDI2MDkxNi4wIJJjKgBIAVAD&rclk=1
8497,SIPANGAN BOLON,Sumatera Utara,Simalungun,Girsang Sipangan Bolon,2.620996,99.007367,"KEC. GIRSANG SIPANGAN BOLON, KABUPATEN SIMALUNGUN, SUMATERA UTARA",https://www.google.com/maps/place/Sipangan+Bolon/data=!4m7!3m6!1s0x3031ee32a8dfc3d9:0x5b68c24299a6596f!8m2!3d2.6209956!4d99.0073673!16s%2Fg%2F122h0k98!19sChIJ2cPfqDLuMTARb1mmmULCaFs?authuser=0&hl=id&g_ep=EgoyMDI2MDkxNi4wIJJjKgBIAVAD&rclk=1
8500,KEC. ARSE,Sumatera Utara,Tapanuli Selatan,Arse,1.670978,99.307626,"KABUPATEN TAPANULI SELATAN, SUMATERA UTARA",https://www.google.com/maps/place/Kec.+Arse/data=!4m7!3m6!1s0x302c2e2ba38f0af9:0xd60ec22d56e2c852!8m2!3d1.6709783!4d99.3076264!16s%2Fg%2F1214g7kl!19sChIJ-QqPoysuLDARUsjiVi3CDtY?authuser=0&hl=id&g_ep=EgoyMDI2MDkxNi4wIJJjKgBIAVAD&rclk=1
8509,USAHA P. HUTANGA LONG,Sumatera Utara,Tapanuli Selatan,Sipirok,1.577493,99.278558,"USAHA P. HUTANGA LONG, PANABARI, TANO TOMBANGAN ANGKOLA, TAPANULI SELATAN, PARAN DOLOK, KEC. SIPIROK, KABUPATEN TAPANULI SELATAN, SUMATERA UTARA 22774",https://www.google.com/maps/place/Usaha+P.+Hutanga+Long/data=!4m7!3m6!1s0x302c23ffffffffff:0x8aba205abe90a887!8m2!3d1.5774933!4d99.2785583!16s%2Fg%2F11bc7sjxpz!19sChIJ______8jLDARh6iQvloguoo?authuser=0&hl=id&g_ep=EgoyMDI2MDkxNi4wIJJjKgBIAVAD&rclk=1
8510,GEREJA SIANG PANTEKOSTA,Sumatera Utara,Tapanuli Selatan,Sipirok,1.577493,99.278558,"GEREJA SIANG PANTEKOSTA, PURBATUA, TANO TOMBANGAN ANGKOLA, TAPANULI SELATAN, PARAN DOLOK, KEC. SIPIROK, KABUPATEN TAPANULI SELATAN, SUMATERA UTARA 22774",https://www.google.com/maps/place/Gereja+Siang+Pantekosta/data=!4m7!3m6!1s0x302c23ffffffffff:0x5a1ed94a62126aee!8m2!3d1.5774933!4d99.2785583!16s%2Fg%2F11bc7pptr4!19sChIJ______8jLDAR7moSYkrZHlo?authuser=0&hl=id&g_ep=EgoyMDI2MDkxNi4wIJJjKgBIAVAD&rclk=1
8511,KEC. TANO TOMBANG ANGKOLA,Sumatera Utara,Tapanuli Selatan,Tano Tombang Angkola,1.10612,99.406655,"KABUPATEN TAPANULI SELATAN, SUMATERA UTARA",https://www.google.com/maps/place/Kec.+Tano+Tombang+Angkola/data=!4m7!3m6!1s0x302bf0011cddc9bb:0x5e668ffb7b6ac83f!8m2!3d1.1061203!4d99.4066552!16s%2Fg%2F1pwgtj84m!19sChIJu8ndHAHwKzARP8hqe_uPZl4?authuser=0&hl=id&g_ep=EgoyMDI2MDkxNi4wIJJjKgBIAVAD&rclk=1
8512,KEC. ANGKOLA SANGKUNUR,Sumatera Utara,Tapanuli Selatan,Angkola Sangkunur,1.385555,99.024479,"KABUPATEN TAPANULI SELATAN, SUMATERA UTARA",https://www.google.com/maps/place/Kec.+Angkola+Sangkunur/data=!4m7!3m6!1s0x302ea54ff9a04595:0x49befe6936f07f9c!8m2!3d1.3855555!4d99.0244793!16s%2Fg%2F1pwgtfp9d!19sChIJlUWg-U-lLjARnH_wNmn-vkk?authuser=0&hl=id&g_ep=EgoyMDI2MDkxNi4wIJJjKgBIAVAD&rclk=1
8513,KANTOR CAMAT ANGKOLA SANGKUNUR,Sumatera Utara,Tapanuli Selatan,Angkola Sangkunur,1.386656,99.026179,"KANTOR CAMAT ANGKOLA SANGKUNUR, SIMATANIARI, KEC. ANGKOLA SANGKUNUR, KABUPATEN TAPANULI SELATAN, SUMATERA UTARA 22738",https://www.google.com/maps/place/Kantor+Camat+Angkola+Sangkunur/data=!4m7!3m6!1s0x302ea5066e45531b:0xa32039ff4b07630d!8m2!3d1.3866565!4d99.0261785!16s%2Fg%2F11knrh0mj5!19sChIJG1NFbgalLjARDWMHS_85IKM?authuser=0&hl=id&g_ep=EgoyMDI2MDkxNi4wIJJjKgBIAVAD&rclk=1
8520,PTPN IV REGIONAL I KEBUN HAPESONG,Sumatera Utara,Tapanuli Selatan,Batang Toru,1.451987,99.068525,"PTPN IV REGIONAL I KEBUN HAPESONG, HAPESONG LAMA, KEC. BATANG TORU, KABUPATEN TAPANULI SELATAN, SUMATERA UTARA 22738",https://www.google.com/maps/place/PTPN+IV+Regional+I+Kebun+Hapesong/data=!4m7!3m6!1s0x302ea3d391391709:0xb86ff3f430e88a8!8m2!3d1.4519875!4d99.0685255!16s%2Fg%2F11nn4z2sgn!19sChIJCRc5kdOjLjARqIgOQz__hgs?authuser=0&hl=id&g_ep=EgoyMDI2MDkxNi4wIJJjKgBIAVAD&rclk=1
8521,KANTOR CAMAT SAIPAR DOLOK HOLE,Sumatera Utara,Tapanuli Selatan,Saipar Dolok Hole,1.832249,99.372397,"KANTOR CAMAT SAIPAR DOLOK HOLE, PS. SIPAGIMBAR, KEC. SAIPAR DOLOK HOLE, KABUPATEN TAPANULI SELATAN, SUMATERA UTARA 22758","https://www.google.com/maps/place/Kantor+Camat+Saipar+Dolok+Hole/@1.8322494,99.3723967,17z/data=!3m1!4b1!4m6!3m5!1s0x302dcd3fe2ad06ad:0x4df9e8362a523c1!8m2!3d1.8322494!4d99.3723967!16s%2Fg%2F11f6gj3f2q?hl=id&entry=ttu&g_ep=EgoyMDI2MDkxNi4wIKXMDSoASAFQAw%3D%3D"
8542,PASARIBU TOBING,Sumatera Utara,Tapanuli Tengah,Pasaribu Tobing,1.963299,98.618816,"KEC. PASARIBU TOBING, KABUPATEN TAPANULI TENGAH, SUMATERA UTARA",https://www.google.com/maps/place/Pasaribu+Tobing/data=!4m7!3m6!1s0x302e50260614b2c3:0x59f1d9fde49a4984!8m2!3d1.9632995!4d98.6188161!16s%2Fg%2F1pxxnsr8v!19sChIJw7IUBiZQLjARhEma5P3Z8Vk?authuser=0&hl=id&g_ep=EgoyMDI2MDkxNi4wIJJjKgBIAVAD&rclk=1
8543,KEC. PASARIBU TOBING,Sumatera Utara,Tapanuli Tengah,Pasaribu Tobing,1.984977,98.63621,"KABUPATEN TAPANULI TENGAH, SUMATERA UTARA",https://www.google.com/maps/place/Kec.+Pasaribu+Tobing/data=!4m7!3m6!1s0x302e4fb0b6c5e5ad:0x8f2584a99cafcfe7!8m2!3d1.9849767!4d98.6362101!16s%2Fg%2F1219mp_b!19sChIJreXFtrBPLjAR58-vnKmEJY8?authuser=0&hl=id&g_ep=EgoyMDI2MDkxNi4wIJJjKgBIAVAD&rclk=1
8544,PASARIBU TOBING JAE,Sumatera Utara,Tapanuli Tengah,Sorkam,1.922347,98.588586,"KEC. SORKAM BAR., KABUPATEN TAPANULI TENGAH, SUMATERA UTARA",https://www.google.com/maps/place/Pasaribu+Tobing+Jae/data=!4m7!3m6!1s0x302e517362eb6afd:0xdbf19cb51b9c6b99!8m2!3d1.9223472!4d98.5885858!16s%2Fg%2F1pxxnvvk_!19sChIJ_WrrYnNRLjARmWucG7Wc8ds?authuser=0&hl=id&g_ep=EgoyMDI2MDkxNi4wIJJjKgBIAVAD&rclk=1
8545,TOKO SP TOBING,Sumatera Utara,Tapanuli Utara,Tarutung,2.021544,98.964459,"JL. FERDINAN LUMBANTOBING NO.5, HUTATORUAN VI, KEC. TARUTUNG, KABUPATEN TAPANULI UTARA, SUMATERA UTARA 22411",https://www.google.com/maps/place/TOKO+SP+TOBING/data=!4m7!3m6!1s0x302e6ef4b6410f1d:0x4a61d469a383f606!8m2!3d2.0215441!4d98.964459!16s%2Fg%2F11cs2wn58m!19sChIJHQ9BtvRuLjARBvaDo2nUYUo?authuser=0&hl=id&g_ep=EgoyMDI2MDkxNi4wIJJjKgBIAVAD&rclk=1
8555,PAGARAN LAMBUNG II,Sumatera Utara,Tapanuli Utara,Adian Koting,1.860438,98.894184,"KEC. ADIAN KOTING, KABUPATEN TAPANULI UTARA, SUMATERA UTARA",https://www.google.com/maps/place/Pagaran+Lambung+II/data=!4m7!3m6!1s0x302e6111735cfc25:0x7a774a317e36d5e!8m2!3d1.8604378!4d98.8941841!16s%2Fg%2F1pxxp1my2!19sChIJJfxccxFhLjARXm3jF6N0pwc?authuser=0&hl=id&g_ep=EgoyMDI2MDkxNi4wIJJjKgBIAVAD&rclk=1
8556,PAGARAN LAMBUNG IV,Sumatera Utara,Tapanuli Utara,Adian Koting,1.896871,98.847302,"KEC. ADIAN KOTING, KABUPATEN TAPANULI UTARA, SUMATERA UTARA",https://www.google.com/maps/place/Pagaran+Lambung+IV/data=!4m7!3m6!1s0x302e6750d7f3bb43:0x4920dd43caad6c5c!8m2!3d1.8968707!4d98.8473024!16s%2Fg%2F1pxxnt1pc!19sChIJQ7vz11BnLjARXGytykPdIEk?authuser=0&hl=id&g_ep=EgoyMDI2MDkxNi4wIJJjKgBIAVAD&rclk=1
8557,PAGARAN LAMBUNG I,Sumatera Utara,Tapanuli Utara,Adian Koting,1.8002,98.891426,"KEC. ADIAN KOTING, KABUPATEN TAPANULI UTARA, SUMATERA UTARA",https://www.google.com/maps/place/Pagaran+Lambung+I/data=!4m7!3m6!1s0x302e8a7d904de0af:0x1fdf2bb4fa11c063!8m2!3d1.8002004!4d98.8914256!16s%2Fg%2F1pxxnt4zq!19sChIJr-BNkH2KLjARY8AR-rQr3x8?authuser=0&hl=id&g_ep=EgoyMDI2MDkxNi4wIJJjKgBIAVAD&rclk=1
8565,KANTOR CAMAT PURBATUA,Sumatera Utara,Simalungun,Purba,1.760101,99.117342,"KANTOR CAMAT PURBATUA, JL. IR. MANANTI SITOMPUL, PARSAORAN JANJI ANGKOLA, KEC. PURBATUA, KABUPATEN TAPANULI UTARA, SUMATERA UTARA 22465",https://www.google.com/maps/place/Kantor+Camat+Purbatua/data=!4m7!3m6!1s0x302e83d6aaaaaaab:0xf19f2e60851b0459!8m2!3d1.7601013!4d99.1173421!16s%2Fg%2F11g7nq4s96!19sChIJq6qqqtaDLjARWQQbhWAun_E?authuser=0&hl=id&g_ep=EgoyMDI2MDkxNi4wIJJjKgBIAVAD&rclk=1
8569,GBI PARMONANGAN,Sumatera Utara,Tapanuli Utara,Parmonangan,2.107251,98.76664,"MANALU, KEC. PARMONANGAN, KABUPATEN TAPANULI UTARA, SUMATERA UTARA 22453",https://www.google.com/maps/place/GBI+PARMONANGAN/data=!4m7!3m6!1s0x302e40bc42f0cc89:0x23d709af0ddc238e!8m2!3d2.1072513!4d98.7666401!16s%2Fg%2F11c1tclhmc!19sChIJiczwQrxALjARjiPcDa8J1yM?authuser=0&hl=id&g_ep=EgoyMDI2MDkxNi4wIJJjKgBIAVAD&rclk=1
8570,KEC. PARMONANGAN,Sumatera Utara,Tapanuli Utara,Parmonangan,2.10536,98.764115,"KABUPATEN TAPANULI UTARA, SUMATERA UTARA",https://www.google.com/maps/place/Kec.+Parmonangan/data=!4m7!3m6!1s0x302e419ab5073345:0x4039d80b220e0d0!8m2!3d2.1053598!4d98.7641154!16s%2Fg%2F122pl697!19sChIJRTMHtZpBLjAR0OAgsoCdAwQ?authuser=0&hl=id&g_ep=EgoyMDI2MDkxNi4wIJJjKgBIAVAD&rclk=1
8571,KEC. PAGARAN,Sumatera Utara,Tapanuli Utara,Pagaran,2.201357,98.890084,"KABUPATEN TAPANULI UTARA, SUMATERA UTARA",https://www.google.com/maps/place/Kec.+Pagaran/data=!4m7!3m6!1s0x302e15cef9d86b55:0xf01c0f4a709b6396!8m2!3d2.2013575!4d98.8900836!16s%2Fg%2F122z2fbx!19sChIJVWvY-c4VLjARlmObcEoPHPA?authuser=0&hl=id&g_ep=EgoyMDI2MDkxNi4wIJJjKgBIAVAD&rclk=1
8585,UPT. PUSKESMAS SILAEN,Sumatera Utara,Toba,Silaen,2.389423,99.202613,"JL. PARSOBURAN, SILAEN, KEC. SILAEN, KABUPATEN TOBA, SUMATERA UTARA 22382",https://www.google.com/maps/place/UPT.+Puskesmas+Silaen/data=!4m7!3m6!1s0x302dfe32c937b393:0xb49fa3511e77bb05!8m2!3d2.3894235!4d99.2026127!16s%2Fg%2F11dxm9hwly!19sChIJk7M3yTL-LTARBbt3HlGjn7Q?authuser=0&hl=id&g_ep=EgoyMDI2MDkxNi4wIJJjKgBIAVAD&rclk=1
8892,SPX EXPRESS GUNUNG KENCANA 2 HUB,Banten,Lebak,Gunungkencana,-6.568812,106.060437,"SPX EXPRESS GUNUNG KENCANA 2 HUB, GUNUNGKENCANA, LEBAK REGENCY, BANTEN 42300",https://www.google.com/maps/place/SPX+Express+Gunung+Kencana+2+Hub/data=!4m7!3m6!1s0x2e4247cfe29c1afd:0x2392af083b63c61d!8m2!3d-6.5688125!4d106.0604375!16s%2Fg%2F11z15jr_nb!19sChIJ_Rqc4s9HQi4RHcZjOwivkiM?authuser=0&hl=id&g_ep=EgoyMDI2MDkxNi4wIJJjKgBIAVAD&rclk=1
9535,KEMUNING LEGOK,Banten,Kota Tangerang,Tangerang,-6.293377,106.583086,"KEMUNING LEGOK, KEMUNING, LEGOK, TANGERANG REGENCY, BANTEN 15820",https://www.google.com/maps/place/KEMUNING+LEGOK/data=!4m7!3m6!1s0x2e69fd000d39aac7:0x1183112455e18b5e!8m2!3d-6.2933771!4d106.5830861!16s%2Fg%2F11y06zbybp!19sChIJx6o5DQD9aS4RXovhVSQRgxE?authuser=0&hl=id&g_ep=EgoyMDI2MDkxNi4wIJJjKgBIAVAD&rclk=1
9546,PUSKESMAS KEPULAUAN SERIBU SELATAN,Bali,Karangasem,Selat,-5.799208,106.499828,"RT.003/RW.002, PULAU TIDUNG, KEC. KEPULAUAN SERIBU SEL., KAB. ADMINISTRASI KEPULAUAN SERIBU, DAERAH KHUSUS IBUKOTA JAKARTA 14520",https://www.google.com/maps/place/PUSKESMAS+KEPULAUAN+SERIBU+SELATAN/data=!4m7!3m6!1s0x2e41df8a8cdc4621:0x3008aeb417c81d5c!8m2!3d-5.7992078!4d106.4998278!16s%2Fg%2F11j6hz56cz!19sChIJIUbcjIrfQS4RXB3IF7SuCDA?authuser=0&hl=id&g_ep=EgoyMDI2MDkxNi4wIJJjKgBIAVAD&rclk=1
9548,PUSKESMAS KEPULAUAN SERIBU UTARA,Maluku Utara,Halmahera Barat,Ibu Utara,-5.653128,106.571632,"JALAN DERMAGA, RT.06/RW.04, PULAU KLP., KEPULAUAN SERIBU UTARA, KAB. ADMINISTRASI KEPULAUAN SERIBU, DAERAH KHUSUS IBUKOTA JAKARTA 14540",https://www.google.com/maps/place/PUSKESMAS+KEPULAUAN+SERIBU+UTARA/data=!4m7!3m6!1s0x2e6a782867516cd1:0x249df4442cf88743!8m2!3d-5.6531285!4d106.5716321!16s%2Fg%2F11c387thqw!19sChIJ0WxRZyh4ai4RQ4f4LET0nSQ?authuser=0&hl=id&g_ep=EgoyMDI2MDkxNi4wIJJjKgBIAVAD&rclk=1
9550,POLRES KEPULAUAN SERIBU,Maluku Utara,Halmahera Barat,Ibu Utara,-5.734931,106.602254,"PULAU PANGGANG, KEPULAUAN SERIBU UTARA, KAB. ADMINISTRASI KEPULAUAN SERIBU, DAERAH KHUSUS IBUKOTA JAKARTA 14530",https://www.google.com/maps/place/Polres+Kepulauan+Seribu/data=!4m7!3m6!1s0x2e6a769e19578c75:0x1ce70d5fad24e298!8m2!3d-5.7349312!4d106.6022542!16s%2Fg%2F11bzq4v2dv!19sChIJdYxXGZ52ai4RmOIkrV8N5xw?authuser=0&hl=id&g_ep=EgoyMDI2MDkxNi4wIJJjKgBIAVAD&rclk=1
